City_ID,City,Country,Date,Lat,Lng,Max Temp,Humidity,Cloudiness,Wind Speed
0,Provideniya,RU,2022-02-05 17:46:42,64.3833,-173.3,-5.82,85,3,11.63
1,Ushuaia,AR,2022-02-05 17:45:46,-54.8,-68.3,64.02,39,40,12.66
2,Thompson,CA,2022-02-05 17:42:37,55.7435,-97.8558,-25.44,68,75,0.0
3,Saldanha,ZA,2022-02-05 17:46:43,-33.0117,17.9442,87.85,71,8,8.03
4,Hofn,IS,2022-02-05 17:46:43,64.2539,-15.2082,28.98,58,100,10.07
5,Busselton,AU,2022-02-05 17:46:44,-33.65,115.3333,67.05,72,0,4.21
6,Quesnel,CA,2022-02-05 17:45:21,52.9999,-122.5029,25.3,100,20,2.3
7,Tursunzoda,TJ,2022-02-05 17:46:44,38.5144,68.2333,50.88,65,100,2.21
8,Berlevag,NO,2022-02-05 17:46:45,70.8578,29.0864,23.54,84,99,25.01
9,Gazojak,TM,2022-02-05 17:46:45,41.1875,61.4036,45.93,63,86,16.28
10,Mataura,NZ,2022-02-05 17:46:45,-46.1927,168.8643,50.49,90,27,1.63
11,Hilo,US,2022-02-05 17:46:46,19.7297,-155.09,72.63,86,100,4.61
12,Mahebourg,MU,2022-02-05 17:46:46,-20.4081,57.7,80.26,89,75,14.97
13,Bambous Virieux,MU,2022-02-05 17:46:47,-20.3428,57.7575,80.22,89,75,14.97
14,Bangui,CF,2022-02-05 17:46:47,4.3612,18.555,89.78,51,99,3.44
15,Llano Largo,PA,2022-02-05 17:46:48,7.9,-80.4333,88.45,45,64,14.63
16,Humaita,BR,2022-02-05 17:46:48,-7.5061,-63.0208,87.87,56,100,5.1
17,Mangan,IN,2022-02-05 17:46:49,27.5167,88.5333,39.9,79,46,9.17
18,Atar,MR,2022-02-05 17:46:49,20.5169,-13.0499,88.02,6,0,3.42
19,Labuhan,ID,2022-02-05 17:46:49,-6.8844,112.2051,78.3,86,100,8.7
20,Saint George,US,2022-02-05 17:46:50,37.1041,-113.5841,51.35,34,0,1.99
21,Safford,US,2022-02-05 17:46:50,32.834,-109.7076,45.52,27,0,11.65
22,Qaanaaq,GL,2022-02-05 17:44:27,77.484,-69.3632,1.4,76,91,4.0
23,Oistins,BB,2022-02-05 17:46:00,13.0667,-59.5333,82.49,54,20,16.11
24,Jamestown,US,2022-02-05 17:42:55,42.097,-79.2353,19.02,48,75,5.99
25,San Patricio,US,2022-02-05 17:46:51,28.017,-97.5169,47.16,34,1,5.3
26,Rio Grande,BR,2022-02-05 17:46:51,-32.035,-52.0986,77.76,75,99,12.39
27,Hobart,AU,2022-02-05 17:42:38,-42.8794,147.3294,59.02,77,100,4.61
28,Faanui,PF,2022-02-05 17:44:39,-16.4833,-151.75,80.91,72,11,18.21
29,Alibag,IN,2022-02-05 17:46:52,18.6411,72.8792,73.47,64,16,5.66
30,Sur,OM,2022-02-05 17:46:52,22.5667,59.5289,73.22,51,0,5.41
31,Nioro,GM,2022-02-05 17:46:52,13.35,-15.75,99.68,6,0,6.62
32,High Prairie,CA,2022-02-05 17:46:53,55.4334,-116.4858,26.04,85,100,8.16
33,Zhigansk,RU,2022-02-05 17:46:53,66.7697,123.3711,-30.75,100,100,5.75
34,Portland,US,2022-02-05 17:43:32,45.5234,-122.6762,47.08,93,75,1.99
35,Manjeri,IN,2022-02-05 17:46:54,11.1167,76.1167,75.88,78,20,2.3
36,Batticaloa,LK,2022-02-05 17:46:54,7.7102,81.6924,77.0,74,10,8.48
37,Pemba,MZ,2022-02-05 17:46:55,-12.974,40.5178,83.1,83,20,5.01
38,Ponta Do Sol,PT,2022-02-05 17:46:55,32.6667,-17.1,73.13,39,2,12.57
39,Hambantota,LK,2022-02-05 17:46:01,6.1241,81.1185,75.36,80,4,16.04
40,Havoysund,NO,2022-02-05 17:46:56,70.9963,24.6622,29.28,69,74,32.77
41,Pingzhuang,CN,2022-02-05 17:46:56,42.0372,119.2889,10.69,62,0,5.46
42,Tazovskiy,RU,2022-02-05 17:46:56,67.4667,78.7,-6.54,100,97,7.31
43,Dingle,PH,2022-02-05 17:46:57,10.9995,122.6711,74.39,83,47,10.89
44,Wajima,JP,2022-02-05 17:46:57,37.4,136.9,33.6,66,100,22.62
45,Rikitea,PF,2022-02-05 17:43:13,-23.1203,-134.9692,78.64,73,47,12.33
46,Barrow,US,2022-02-05 17:44:01,71.2906,-156.7887,-11.18,64,100,12.66
47,Upernavik,GL,2022-02-05 17:47:58,72.7868,-56.1549,-0.4,98,100,3.83
48,Bluff,NZ,2022-02-05 17:47:59,-46.6,168.3333,50.81,80,65,13.29
49,Nokaneng,BW,2022-02-05 17:47:59,-19.6667,22.2667,72.01,77,86,4.05
50,Port Keats,AU,2022-02-05 17:48:00,-14.25,129.55,76.89,87,100,3.71
51,Port Hardy,CA,2022-02-05 17:43:22,50.6996,-127.4199,40.75,100,100,6.91
52,Avarua,CK,2022-02-05 17:48:00,-21.2078,-159.775,78.85,83,40,11.5
53,Price,US,2022-02-05 17:48:01,39.5994,-110.8107,38.41,54,0,0.0
54,Cape Town,ZA,2022-02-05 17:43:19,-33.9258,18.4232,76.87,54,0,5.01
55,Zhangye,CN,2022-02-05 17:48:01,38.9342,100.4517,18.86,63,100,2.15
56,Vaini,TO,2022-02-05 17:48:01,-21.2,-175.2,75.36,100,100,13.8
57,Bengkulu,ID,2022-02-05 17:48:02,-3.8004,102.2655,74.41,95,100,8.86
58,Banjar,ID,2022-02-05 17:48:02,-8.19,114.9675,82.26,90,72,2.39
59,Port Augusta,AU,2022-02-05 17:45:32,-32.5,137.7667,76.71,28,37,16.35
60,Andenes,NO,2022-02-05 17:48:03,69.3143,16.1194,32.79,71,93,32.12
61,Ambilobe,MG,2022-02-05 17:48:03,-13.2,49.05,74.62,93,98,6.73
62,Camopi,GF,2022-02-05 17:48:04,3.1655,-52.3158,79.14,91,71,4.43
63,Cherskiy,RU,2022-02-05 17:48:04,68.75,161.3,-33.21,96,17,1.74
64,Yellowknife,CA,2022-02-05 17:46:42,62.456,-114.3525,-12.59,86,75,6.91
65,Arraial Do Cabo,BR,2022-02-05 17:47:18,-22.9661,-42.0278,89.56,66,0,21.85
66,Puerto Ayora,EC,2022-02-05 17:48:05,-0.7393,-90.3518,85.96,85,58,5.99
67,Ilulissat,GL,2022-02-05 17:47:08,69.2167,-51.1,6.82,51,75,16.11
68,Kahului,US,2022-02-05 17:48:06,20.8947,-156.47,76.84,77,20,0.0
69,Umm Kaddadah,SD,2022-02-05 17:48:06,13.6017,26.6876,62.85,16,75,14.47
70,Hauterive,FR,2022-02-05 17:48:07,46.0901,3.4459,42.1,83,6,1.05
71,Buritis,BR,2022-02-05 17:48:07,-15.6178,-46.4233,81.34,75,91,2.57
72,Coahuayana,MX,2022-02-05 17:48:08,18.7333,-103.6833,85.48,36,14,4.43
73,Pevek,RU,2022-02-05 17:48:08,69.7008,170.3133,-27.98,99,22,3.18
74,Punta Arenas,CL,2022-02-05 17:44:51,-53.15,-70.9167,62.71,59,75,34.52
75,Salinas,US,2022-02-05 17:45:23,36.6777,-121.6555,59.72,56,0,14.97
76,Albany,US,2022-02-05 17:47:42,42.6001,-73.9662,20.84,65,25,5.99
77,Mogadishu,SO,2022-02-05 17:48:09,2.0371,45.3438,77.63,82,25,16.84
78,Obodivka,UA,2022-02-05 17:48:10,48.4051,29.2477,34.25,92,92,12.84
79,College,US,2022-02-05 17:48:10,64.8569,-147.8028,1.35,79,75,3.44
80,Maragogi,BR,2022-02-05 17:43:49,-9.0122,-35.2225,84.15,58,49,10.56
81,Cayenne,GF,2022-02-05 17:48:10,4.9333,-52.3333,84.24,82,75,5.99
82,Santa Maria,BR,2022-02-05 17:48:11,-29.6842,-53.8069,72.7,88,75,9.22
83,Chuy,UY,2022-02-05 17:48:11,-33.6971,-53.4616,79.72,59,84,10.0
84,Mount Vernon,US,2022-02-05 17:43:57,40.9126,-73.8371,29.95,66,20,8.01
85,Port Alfred,ZA,2022-02-05 17:48:12,-33.5906,26.891,70.23,84,100,24.49
86,Ouesso,CG,2022-02-05 17:48:13,1.6136,16.0517,79.34,22,78,2.1
87,Harnosand,SE,2022-02-05 17:48:13,62.6323,17.9379,15.8,80,5,6.6
88,Esperance,AU,2022-02-05 17:45:52,-33.8667,121.9,66.04,70,4,18.25
89,Qasigiannguit,GL,2022-02-05 17:48:14,68.8193,-51.1922,7.05,78,100,7.29
90,Cidreira,BR,2022-02-05 17:48:14,-30.1811,-50.2056,82.81,69,97,9.98
91,Katherine,AU,2022-02-05 17:48:15,-14.4667,132.2667,75.52,94,99,0.0
92,Mecca,SA,2022-02-05 17:49:15,21.4267,39.8261,63.59,41,3,11.21
93,Porto Novo,BJ,2022-02-05 17:49:15,6.4965,2.6036,85.82,71,2,8.61
94,Kaitangata,NZ,2022-02-05 17:49:16,-46.2817,169.8464,44.08,93,34,6.06
95,Tuktoyaktuk,CA,2022-02-05 17:49:16,69.4541,-133.0374,-32.8,68,20,9.22
96,Bredasdorp,ZA,2022-02-05 17:49:17,-34.5322,20.0403,71.28,68,52,24.16
97,Belaya Gora,RU,2022-02-05 17:45:51,68.5333,146.4167,-39.89,100,93,1.39
98,Lebu,CL,2022-02-05 17:46:17,-37.6167,-73.65,64.35,67,0,19.86
99,Hithadhoo,MV,2022-02-05 17:49:17,-0.6,73.0833,82.6,73,100,13.91
100,Nikolskoye,RU,2022-02-05 17:49:18,59.7035,30.7861,23.72,93,100,10.76
101,Vanimo,PG,2022-02-05 17:49:18,-2.6741,141.3028,78.01,87,94,6.17
102,Rawson,AR,2022-02-05 17:49:18,-43.3002,-65.1023,63.03,44,0,11.86
103,Hamilton,US,2022-02-05 17:45:30,39.1834,-84.5333,25.88,73,40,1.01
104,Severo-Kurilsk,RU,2022-02-05 17:49:19,50.6789,156.125,28.35,84,100,11.23
105,Natal,BR,2022-02-05 17:49:19,-5.795,-35.2094,88.45,58,20,14.97
106,Japura,ID,2022-02-05 17:49:20,-0.3167,102.35,73.2,98,100,2.46
107,Boende,CD,2022-02-05 17:49:20,-0.2167,20.8667,81.45,50,82,3.51
108,Lakes Entrance,AU,2022-02-05 17:49:20,-37.8811,147.981,53.17,88,6,6.2
109,Parkersburg,US,2022-02-05 17:49:21,39.2667,-81.5615,25.56,77,100,3.44
110,Lima,PE,2022-02-05 17:44:53,-12.0432,-77.0282,75.38,83,40,1.01
111,Clyde River,CA,2022-02-05 17:49:22,70.4692,-68.5914,-19.97,69,75,11.5
112,Marzuq,YE,2022-02-05 17:49:22,14.4,46.4667,68.43,39,34,5.57
113,Ribeira Grande,PT,2022-02-05 17:45:47,38.5167,-28.7,63.0,77,40,11.5
114,Nacala,MZ,2022-02-05 17:49:22,-14.5428,40.6728,78.21,83,81,6.13
115,Butaritari,KI,2022-02-05 17:49:23,3.0707,172.7902,82.24,70,25,19.44
116,Hermanus,ZA,2022-02-05 17:49:23,-34.4187,19.2345,71.8,74,77,17.9
117,Nuevitas,CU,2022-02-05 17:49:24,21.5453,-77.2644,85.44,46,0,11.56
118,Kodiak,US,2022-02-05 17:49:24,57.79,-152.4072,31.51,86,0,4.61
119,Bowen,AU,2022-02-05 17:49:24,-20.0167,148.2333,70.02,73,19,17.07
120,Caluquembe,AO,2022-02-05 17:49:25,-13.7833,14.6833,61.59,66,100,3.33
121,Fairbanks,US,2022-02-05 17:49:25,64.8378,-147.7164,1.36,79,100,0.0
122,Coralville,US,2022-02-05 17:49:26,41.6764,-91.5805,20.52,56,0,11.5
123,Warwick,US,2022-02-05 17:48:48,41.7001,-71.4162,27.63,73,40,16.11
124,Kirakira,SB,2022-02-05 17:49:26,-10.4544,161.9205,80.85,86,95,5.21
125,Fortuna,US,2022-02-05 17:49:27,40.5982,-124.1573,50.94,85,0,1.01
126,Agadir,MA,2022-02-05 17:49:28,30.4202,-9.5982,72.05,47,100,5.59
127,Port Elizabeth,ZA,2022-02-05 17:49:28,-33.918,25.5701,70.09,83,75,12.66
128,Najran,SA,2022-02-05 17:45:31,17.4924,44.1277,72.25,50,12,7.85
129,Mar Del Plata,AR,2022-02-05 17:49:29,-38.0023,-57.5575,67.08,89,100,13.0
130,Buraydah,SA,2022-02-05 17:46:34,26.326,43.975,55.85,29,0,7.52
131,Ouango,CF,2022-02-05 17:49:30,4.3133,22.5552,77.72,28,97,4.03
132,Concordia,AR,2022-02-05 17:49:30,-31.393,-58.0209,88.75,28,0,14.92
133,Ulladulla,AU,2022-02-05 17:46:16,-35.35,150.4667,64.09,75,93,10.8
134,Leningradskiy,RU,2022-02-05 17:49:31,69.3833,178.4167,-22.23,96,26,4.54
135,Saint Anthony,US,2022-02-05 17:45:21,45.0205,-93.218,13.84,61,75,8.01
136,Flin Flon,CA,2022-02-05 17:45:21,54.7682,-101.865,-13.16,70,75,5.75
137,Swan Hill,AU,2022-02-05 17:50:31,-35.3378,143.5544,66.04,45,62,8.41
138,Chokurdakh,RU,2022-02-05 17:50:32,70.6333,147.9167,-30.17,100,100,2.19
139,Atuona,PF,2022-02-05 17:50:32,-9.8,-139.0333,78.78,75,16,23.17
140,Georgetown,MY,2022-02-05 17:50:33,5.4112,100.3354,81.9,85,20,0.0
141,Uddevalla,SE,2022-02-05 17:50:33,58.3478,11.9424,40.14,94,84,4.0
142,Ocos,GT,2022-02-05 17:50:33,14.5094,-92.1933,91.9,55,0,9.73
143,Vestmannaeyjar,IS,2022-02-05 17:50:34,63.4427,-20.2734,31.19,40,0,6.91
144,San Cristobal,VE,2022-02-05 17:50:34,7.7669,-72.225,71.78,57,79,0.49
145,Dogondoutchi,NE,2022-02-05 17:50:35,13.6393,4.0287,76.14,12,0,10.22
146,Tiksi,RU,2022-02-05 17:50:35,71.6872,128.8694,-22.23,98,96,7.54
147,Carnarvon,AU,2022-02-05 17:50:36,-24.8667,113.6333,80.67,83,27,5.75
148,Silvania,BR,2022-02-05 17:50:36,-16.6589,-48.6081,85.96,68,55,3.0
149,New Norfolk,AU,2022-02-05 17:50:37,-42.7826,147.0587,58.66,63,100,1.23
150,Chandur Bazar,IN,2022-02-05 17:50:37,21.2417,77.7456,65.23,22,0,7.18
151,Gari,RU,2022-02-05 17:50:38,59.4307,62.3497,17.96,98,100,4.34
152,Ust-Ishim,RU,2022-02-05 17:50:38,57.6935,71.1665,18.37,91,100,5.06
153,Takoradi,GH,2022-02-05 17:50:38,4.8845,-1.7554,81.7,77,31,10.47
154,Pisco,PE,2022-02-05 17:50:39,-13.7,-76.2167,72.01,78,41,9.22
155,Port Hedland,AU,2022-02-05 17:50:39,-20.3167,118.5667,86.05,74,40,8.05
156,Yarmouth,US,2022-02-05 17:50:40,41.7057,-70.2286,27.97,78,100,8.99
157,Vardo,NO,2022-02-05 17:50:40,70.3705,31.1107,26.42,78,100,26.17
158,Boyabat,TR,2022-02-05 17:50:40,41.4689,34.7667,30.7,82,63,0.98
159,Loa Janan,ID,2022-02-05 17:50:41,-0.583,117.095,74.08,97,100,1.23
160,Dicamay,PH,2022-02-05 17:50:41,16.7561,122.0037,67.5,98,61,1.39
161,Solnechnyy,RU,2022-02-05 17:50:42,50.7214,136.6319,1.81,98,100,1.01
162,Bonthe,SL,2022-02-05 17:50:42,7.5264,-12.505,82.99,66,30,12.3
163,Kapaa,US,2022-02-05 17:50:42,22.0752,-159.319,64.72,100,40,5.75
164,Narsaq,GL,2022-02-05 17:50:43,60.9167,-46.05,-2.02,73,0,5.68
165,Alofi,NU,2022-02-05 17:50:44,-19.0595,-169.9187,75.09,94,100,3.44
166,Inirida,CO,2022-02-05 17:50:44,3.8653,-67.9239,85.84,63,73,4.68
167,Nanortalik,GL,2022-02-05 17:50:44,60.1432,-45.2371,13.42,61,24,23.53
168,Plettenberg Bay,ZA,2022-02-05 17:50:45,-34.0527,23.3716,70.14,80,1,16.78
169,Surazh,RU,2022-02-05 17:50:45,53.0175,32.3918,25.75,95,100,15.03
170,Russell,US,2022-02-05 17:50:46,32.3502,-85.1999,44.96,48,0,8.99
171,Luau,AO,2022-02-05 17:50:46,-10.7073,22.2247,64.67,93,57,3.51
172,Saint-Philippe,RE,2022-02-05 17:50:46,-21.3585,55.7679,81.99,86,100,21.81
173,Taos,US,2022-02-05 17:50:47,36.4072,-105.5731,46.22,69,1,3.44
174,Sibolga,ID,2022-02-05 17:47:07,1.7427,98.7792,75.43,90,99,3.06
175,Flinders,AU,2022-02-05 17:50:47,-34.5833,150.8552,67.8,80,99,5.01
176,Mbanza-Ngungu,CD,2022-02-05 17:50:48,-5.25,14.8667,70.61,89,24,3.22
177,Krechevitsy,RU,2022-02-05 17:50:48,58.617,31.401,22.41,95,100,10.98
178,Vetlanda,SE,2022-02-05 17:50:48,57.4289,15.0776,35.47,82,90,12.91
179,Klyuchi,RU,2022-02-05 17:50:49,52.2667,79.1667,2.91,91,13,7.16
180,Panguna,PG,2022-02-05 17:50:49,-6.3164,155.4848,69.6,96,100,0.47
181,Shingu,JP,2022-02-05 17:50:49,33.7333,135.9833,38.91,77,25,7.31
182,Tasiilaq,GL,2022-02-05 17:50:50,65.6145,-37.6368,14.27,59,100,9.62
183,Natitingou,BJ,2022-02-05 17:50:50,10.3042,1.3796,91.45,15,12,5.66
184,Castro,BR,2022-02-05 17:51:51,-24.7911,-50.0119,75.85,78,95,8.34
185,Sao Joao Da Barra,BR,2022-02-05 17:51:51,-21.6403,-41.0511,87.89,79,67,25.3
186,Lufilufi,WS,2022-02-05 17:51:52,-13.8745,-171.5986,74.98,79,100,16.51
187,Fukue,JP,2022-02-05 17:51:52,32.6881,128.8419,41.58,61,97,27.72
188,Kitimat,CA,2022-02-05 17:50:20,54.0524,-128.6534,41.92,52,100,1.01
189,Hami,CN,2022-02-05 17:51:52,42.8,93.45,27.09,27,92,13.73
190,Kloulklubed,PW,2022-02-05 17:51:53,7.0419,134.2556,81.77,80,58,23.55
191,Norman Wells,CA,2022-02-05 17:51:53,65.282,-126.8329,-9.8,92,90,6.38
192,Campo De Criptana,ES,2022-02-05 17:51:54,39.4046,-3.1249,50.72,58,97,4.81
193,Nome,US,2022-02-05 17:51:54,64.5011,-165.4064,1.47,46,1,9.22
194,Rawlins,US,2022-02-05 17:51:54,41.7911,-107.2387,32.22,40,0,32.21
195,Vila Franca Do Campo,PT,2022-02-05 17:51:55,37.7167,-25.4333,65.19,76,79,12.59
196,Dikson,RU,2022-02-05 17:51:55,73.5069,80.5464,-18.04,100,98,3.65
197,Geraldton,AU,2022-02-05 17:48:27,-28.7667,114.6,70.21,94,75,6.91
198,Ust-Omchug,RU,2022-02-05 17:51:56,61.15,149.6333,-25.11,85,49,4.0
199,Torbay,CA,2022-02-05 17:51:56,47.6666,-52.7314,49.75,94,100,24.16
200,Erdaojiang,CN,2022-02-05 17:51:57,41.7764,126.0319,3.85,97,99,2.08
201,Raymondville,US,2022-02-05 17:51:57,26.4815,-97.7831,49.95,34,0,9.15
202,Pervomayskoye,RU,2022-02-05 17:51:57,43.919,46.7102,33.84,68,46,11.95
203,Cabedelo,BR,2022-02-05 17:51:58,-6.9811,-34.8339,86.67,63,25,11.03
204,Seoul,KR,2022-02-05 17:47:50,37.5683,126.9778,24.24,68,0,1.14
205,Brandfort,ZA,2022-02-05 17:51:58,-28.7001,26.4597,69.21,60,59,10.69
206,Lompoc,US,2022-02-05 17:51:59,34.6391,-120.4579,67.14,74,4,1.99
207,Tuatapere,NZ,2022-02-05 17:51:59,-46.1333,167.6833,50.83,84,39,0.76
208,Faya,SA,2022-02-05 17:52:00,18.3851,42.4509,57.31,77,6,3.31
209,Rapid Valley,US,2022-02-05 17:52:01,44.0625,-103.1463,51.39,31,0,1.01
210,Kouqian,CN,2022-02-05 17:52:01,43.6391,126.4578,1.8,96,100,3.53
211,Onega,RU,2022-02-05 17:52:01,63.9061,38.1404,12.81,88,100,15.55
212,Leshan,CN,2022-02-05 17:52:02,29.5623,103.7639,44.6,89,100,6.22
213,Khatanga,RU,2022-02-05 17:52:03,71.9667,102.5,-33.11,100,78,1.05
214,Kavaratti,IN,2022-02-05 17:52:03,10.5669,72.642,78.87,61,31,10.22
215,Bethel,US,2022-02-05 17:52:03,41.3712,-73.414,27.57,70,75,4.0
216,Damara,CF,2022-02-05 17:52:04,4.9608,18.7035,89.02,18,95,3.91
217,Bahia Honda,CU,2022-02-05 17:52:04,22.9036,-83.1592,81.48,60,42,6.46
218,Wanaka,NZ,2022-02-05 17:52:05,-44.7,169.15,49.1,79,48,5.46
219,Yulara,AU,2022-02-05 17:49:39,-25.2406,130.9889,67.84,52,0,5.75
220,Port Shepstone,ZA,2022-02-05 17:52:05,-30.7414,30.455,72.7,75,100,9.71
221,Eyl,SO,2022-02-05 17:52:06,7.9803,49.8164,74.75,68,21,10.98
222,Mukhen,RU,2022-02-05 17:52:06,48.1,136.1,-4.47,97,100,2.86
223,Bathsheba,BB,2022-02-05 17:47:07,13.2167,-59.5167,83.01,54,20,16.11
224,Naftalan,AZ,2022-02-05 17:52:07,40.5067,46.825,38.62,42,31,16.78
225,Makakilo City,US,2022-02-05 17:47:30,21.3469,-158.0858,67.6,84,0,3.44
226,Borovikha,RU,2022-02-05 17:52:07,53.5072,83.8379,-2.79,99,74,3.22
227,Semikarakorsk,RU,2022-02-05 17:52:08,47.5194,40.8112,27.41,83,97,8.61
228,Namibe,AO,2022-02-05 17:49:43,-15.1961,12.1522,74.48,67,69,11.97
229,East London,ZA,2022-02-05 17:52:07,-33.0153,27.9116,67.14,94,75,9.22
230,Kaeo,NZ,2022-02-05 17:52:08,-35.1,173.7833,72.32,98,100,7.78
231,Bilibino,RU,2022-02-05 17:51:21,68.0546,166.4372,-15.0,95,11,4.72
232,Tiarei,PF,2022-02-05 17:53:09,-17.5333,-149.3333,82.42,72,12,18.25
233,Merrill,US,2022-02-05 17:53:09,45.1805,-89.6835,9.68,76,100,9.22
234,Saint-Augustin,CA,2022-02-05 17:53:10,51.226,-58.6502,5.2,93,100,16.17
235,Bayanday,RU,2022-02-05 17:53:10,53.0661,105.5139,13.51,96,100,4.54
236,Elliot Lake,CA,2022-02-05 17:50:26,46.3834,-82.6331,8.69,62,66,5.61
237,Rocha,UY,2022-02-05 17:53:11,-34.4833,-54.3333,77.68,60,63,14.67
238,Pangnirtung,CA,2022-02-05 17:53:12,66.1451,-65.7125,-23.8,69,75,3.44
239,Kindu,CD,2022-02-05 17:53:12,-2.95,25.95,71.56,91,65,2.77
240,Mount Gambier,AU,2022-02-05 17:50:09,-37.8333,140.7667,60.71,77,90,6.91
241,Udachnyy,RU,2022-02-05 17:53:13,66.4167,112.4,-31.43,100,80,3.31
242,Cariamanga,EC,2022-02-05 17:53:13,-4.3333,-79.55,68.77,70,83,4.83
243,Victoria,HK,2022-02-05 17:49:02,22.2855,114.1577,61.25,83,98,5.99
244,Copala,MX,2022-02-05 17:53:13,16.65,-98.9833,84.52,43,2,6.26
245,San Jose,US,2022-02-05 17:51:23,37.3394,-121.895,59.59,56,75,0.0
246,Siderno,IT,2022-02-05 17:53:14,38.2779,16.302,58.95,85,94,7.29
247,Bonavista,CA,2022-02-05 17:53:14,48.6499,-53.1147,35.11,99,100,4.99
248,Iranshahr,IR,2022-02-05 17:53:15,27.2025,60.6848,66.54,26,0,4.61
249,Kieta,PG,2022-02-05 17:53:15,-6.2167,155.6333,80.26,83,100,7.07
250,Tessalit,ML,2022-02-05 17:53:16,20.1986,1.0114,70.5,10,0,8.12
251,Kysyl-Syr,RU,2022-02-05 17:53:16,63.8986,122.7617,-24.68,100,97,1.07
252,Noshiro,JP,2022-02-05 17:53:17,40.2039,140.0242,26.85,74,100,17.25
253,Puerto Suarez,BO,2022-02-05 17:53:17,-18.95,-57.8,86.56,74,75,4.61
254,Ilhabela,BR,2022-02-05 17:53:17,-23.7781,-45.3581,82.96,81,100,3.8
255,Komsomolskiy,UZ,2022-02-05 17:53:18,40.4272,71.7189,42.22,44,57,4.61
256,Pandan,PH,2022-02-05 17:53:18,14.0453,124.1694,77.34,78,100,16.75
257,Dwarka,IN,2022-02-05 17:53:18,22.2394,68.9678,70.48,61,1,6.13
258,Iracoubo,GF,2022-02-05 17:53:19,5.4802,-53.2011,79.66,79,71,9.6
259,Impfondo,CG,2022-02-05 17:53:19,1.6381,18.0667,79.97,21,76,1.54
260,Kutum,SD,2022-02-05 17:53:20,14.2,24.6667,59.34,17,14,12.12
261,Benjamin Hill,MX,2022-02-05 17:53:20,30.1667,-111.1,58.17,15,0,4.45
262,Shubarkuduk,KZ,2022-02-05 17:53:21,49.1447,56.4872,22.33,96,93,6.26
263,Conde,BR,2022-02-05 17:53:21,-7.2597,-34.9075,85.46,62,75,11.5
264,Lagoa,PT,2022-02-05 17:53:22,39.05,-27.9833,58.69,79,35,18.28
265,Jumla,NP,2022-02-05 17:53:22,29.2747,82.1838,26.02,73,20,5.32
266,Antequera,ES,2022-02-05 17:53:23,37.0194,-4.5612,54.9,65,97,4.03
267,Yima,CN,2022-02-05 17:53:23,34.7381,111.8839,29.75,51,77,4.25
268,Lebowakgomo,ZA,2022-02-05 17:53:23,-24.2,29.5,70.7,67,58,9.75
269,Te Anau,NZ,2022-02-05 17:53:24,-45.4167,167.7167,39.87,94,13,2.44
270,Naze,JP,2022-02-05 17:53:24,28.3667,129.4833,51.04,69,84,16.91
271,Sarandi,BR,2022-02-05 17:53:24,-23.4436,-51.8739,72.95,88,90,13.8
272,Nicolas Bravo,MX,2022-02-05 17:53:25,18.45,-88.9167,76.8,75,94,5.01
273,Ayan,RU,2022-02-05 17:53:25,56.45,138.1667,-5.28,73,99,13.53
274,Paulo Ramos,BR,2022-02-05 17:53:26,-4.2167,-45.1833,83.97,76,100,3.44
275,Enna,IT,2022-02-05 17:53:26,37.5588,14.2892,50.81,78,87,4.7
276,Trat,TH,2022-02-05 17:53:27,12.5,102.5,81.99,74,24,4.97
277,Dudinka,RU,2022-02-05 17:53:27,69.4058,86.1778,-20.09,100,90,3.69
278,Novoagansk,RU,2022-02-05 17:53:28,61.9449,76.6625,0.5,98,100,1.45
279,Sinnamary,GF,2022-02-05 17:54:28,5.3833,-52.95,79.54,81,72,9.01
280,Kulhudhuffushi,MV,2022-02-05 17:54:28,6.6221,73.07,80.51,71,34,11.25
281,Quatre Cocos,MU,2022-02-05 17:54:29,-20.2078,57.7625,80.1,85,100,18.14
282,Gunupur,IN,2022-02-05 17:54:29,19.0833,83.8167,63.59,50,100,0.56
283,Hasaki,JP,2022-02-05 17:49:48,35.7333,140.8333,25.2,34,56,8.72
284,Oktyabrskoye,RU,2022-02-05 17:54:30,43.0645,44.7417,24.94,92,75,2.24
285,Kalmunai,LK,2022-02-05 17:54:30,7.4167,81.8167,75.7,78,5,7.72
286,Hualmay,PE,2022-02-05 17:54:31,-11.0964,-77.6139,75.74,70,25,11.25
287,Egvekinot,RU,2022-02-05 17:54:31,66.3167,-179.1667,-10.07,86,8,13.33
288,Avera,US,2022-02-05 17:54:31,33.194,-82.5271,49.68,47,21,7.43
289,Arlit,NE,2022-02-05 17:49:33,18.7369,7.3853,69.24,11,0,8.55
290,Abu Dhabi,AE,2022-02-05 17:53:16,24.4667,54.3667,71.71,74,0,1.01
291,Sola,VU,2022-02-05 17:54:32,-13.8833,167.55,82.42,77,100,21.05
292,Port Lincoln,AU,2022-02-05 17:54:32,-34.7333,135.8667,66.11,81,100,15.12
293,Gravdal,NO,2022-02-05 17:54:33,68.1214,13.5031,38.48,82,99,32.37
294,Qostanay,KZ,2022-02-05 17:54:33,53.1667,63.5833,16.93,86,100,8.37
295,Vostok,RU,2022-02-05 17:54:33,46.4856,135.8833,-10.44,99,100,3.04
296,Salinopolis,BR,2022-02-05 17:54:34,-0.6136,-47.3561,80.4,80,100,9.57
297,Mindelo,CV,2022-02-05 17:54:35,16.8901,-24.9804,76.55,61,0,23.02
298,Magadan,RU,2022-02-05 17:54:35,59.5667,150.8,-1.34,62,43,11.36
299,Kasongo-Lunda,CD,2022-02-05 17:54:35,-6.4667,16.8167,72.09,92,56,1.77
300,Dolinsk,RU,2022-02-05 17:54:36,47.35,142.8,10.26,90,100,5.21
301,Airai,TL,2022-02-05 17:50:03,-8.9266,125.4092,61.03,92,93,1.83
302,Mosquera,CO,2022-02-05 17:54:36,4.7059,-74.2302,62.69,67,75,11.5
303,Thinadhoo,MV,2022-02-05 17:54:36,0.5333,72.9333,82.67,72,79,12.57
304,Antofagasta,CL,2022-02-05 17:54:37,-23.65,-70.4,71.22,65,12,9.24
305,Port Macquarie,AU,2022-02-05 17:54:37,-31.4333,152.9167,62.56,74,89,13.38
306,Luderitz,NA,2022-02-05 17:52:37,-26.6481,15.1594,69.55,74,16,5.17
307,Lasa,IT,2022-02-05 17:54:38,46.6166,10.7002,40.46,68,9,4.9
308,Touros,BR,2022-02-05 17:54:38,-5.1989,-35.4608,88.7,55,20,13.18
309,Brae,GB,2022-02-05 17:54:39,60.3964,-1.353,39.11,63,74,37.36
310,Kruisfontein,ZA,2022-02-05 17:51:08,-34.0033,24.7314,66.88,82,90,19.04
311,Kenai,US,2022-02-05 17:52:58,60.5544,-151.2583,27.09,95,90,8.05
312,Antsohihy,MG,2022-02-05 17:54:39,-14.8796,47.9875,71.87,93,100,6.76
313,Changji,CN,2022-02-05 17:54:40,44.0167,87.3167,3.99,85,100,0.0
314,Ulety,RU,2022-02-05 17:54:41,51.3572,112.4849,-2.49,99,30,3.56
315,Dolores,AR,2022-02-05 17:54:41,-36.3132,-57.6792,63.41,75,92,12.15
316,Mount Isa,AU,2022-02-05 17:54:41,-20.7333,139.5,74.97,41,17,0.0
317,Koungou,YT,2022-02-05 17:54:42,-12.7336,45.2042,83.91,79,40,14.97
318,Longyearbyen,SJ,2022-02-05 17:53:50,78.2186,15.6401,10.24,61,20,21.85
319,Yeppoon,AU,2022-02-05 17:54:42,-23.1333,150.7333,73.18,71,28,19.46
320,Palmerston North,NZ,2022-02-05 17:54:43,-40.35,175.6167,60.37,91,100,17.0
321,Fort Abbas,PK,2022-02-05 17:54:43,29.1925,72.8536,60.17,38,6,10.6
322,Cobija,BO,2022-02-05 17:54:43,-11.0267,-68.7692,89.78,62,75,13.8
323,Highland Park,US,2022-02-05 17:52:56,42.1817,-87.8003,20.14,59,46,5.01
324,Sardarpur,IN,2022-02-05 17:55:44,22.678,74.9484,62.6,22,0,3.83
325,Jhabua,IN,2022-02-05 17:55:44,22.7667,74.6,64.22,22,0,3.04
326,Ostrovnoy,RU,2022-02-05 17:54:45,68.0531,39.5131,15.93,82,100,32.01
327,Makuyuni,TZ,2022-02-05 17:55:45,-4.7333,38.1,77.79,66,100,1.68
328,Basco,PH,2022-02-05 17:55:45,20.4487,121.9702,71.71,76,76,24.87
329,Rusape,ZW,2022-02-05 17:55:45,-18.5278,32.1284,62.17,92,71,7.18
330,Adrar,MR,2022-02-05 17:55:46,20.5022,-10.0711,77.05,6,30,8.01
331,Outlook,CA,2022-02-05 17:55:46,51.5001,-107.0513,22.69,93,100,5.37
332,Karratha,AU,2022-02-05 17:55:46,-20.7377,116.8463,84.65,70,62,5.77
333,Santa Rosa,PH,2022-02-05 17:53:49,14.3122,121.1114,78.85,69,95,14.0
334,Hargeysa,SO,2022-02-05 17:55:47,9.56,44.065,63.72,43,97,7.49
335,Padang,ID,2022-02-05 17:55:47,-0.9492,100.3543,74.1,97,100,0.58
336,Valle Del Guamuez,CO,2022-02-05 17:55:48,0.4525,-76.9192,80.02,66,68,0.92
337,Tautira,PF,2022-02-05 17:55:16,-17.7333,-149.15,82.42,73,27,17.25
338,Deputatskiy,RU,2022-02-05 17:53:01,69.3,139.9,-29.11,96,100,3.18
339,Husavik,IS,2022-02-05 17:53:41,66.0449,-17.3389,13.91,97,99,27.76
340,Nemuro,JP,2022-02-05 17:55:48,43.3236,145.575,23.4,74,87,19.13
341,Almaznyy,RU,2022-02-05 17:55:49,48.0448,40.045,24.94,90,90,6.98
342,Poum,NC,2022-02-05 17:55:49,-20.2333,164.0167,80.76,72,97,3.8
343,Toktogul,KG,2022-02-05 17:55:49,41.8708,72.9402,19.9,56,44,2.91
344,Ancud,CL,2022-02-05 17:55:50,-41.8697,-73.8203,72.23,58,8,7.56
345,Usevya,TZ,2022-02-05 17:55:50,-7.1,31.2333,67.03,86,99,0.36
346,Krasna Lipa,CZ,2022-02-05 17:55:50,50.4838,13.3575,35.65,77,93,11.99
347,Danielskuil,ZA,2022-02-05 17:55:51,-28.1887,23.5395,75.34,34,33,8.05
348,Bage,BR,2022-02-05 17:55:51,-31.3314,-54.1069,83.98,61,40,16.11
349,Miri,MY,2022-02-05 17:55:52,4.4148,114.0089,77.14,94,40,4.61
350,Itarema,BR,2022-02-05 17:55:52,-2.9248,-39.9167,84.47,66,92,14.83
351,Souillac,MU,2022-02-05 17:55:28,-20.5167,57.5167,80.37,89,75,14.97
352,Korla,CN,2022-02-05 17:55:53,41.7597,86.1469,25.29,40,99,9.06
353,Salalah,OM,2022-02-05 17:55:53,17.0151,54.0924,71.58,79,5,2.95
354,Spencer,US,2022-02-05 17:55:53,43.1414,-95.1444,34.43,67,100,18.54
355,Komatipoort,ZA,2022-02-05 17:55:54,-25.4332,31.9548,74.05,86,84,8.97
356,Teeli,RU,2022-02-05 17:55:54,51.0333,90.2333,-15.72,83,6,1.01
357,Raymond,US,2022-02-05 17:55:55,43.9015,-70.4703,23.27,70,86,12.26
358,Baza,ES,2022-02-05 17:55:55,37.4907,-2.7726,54.41,55,100,4.0
359,Baloda Bazar,IN,2022-02-05 17:55:55,21.6667,82.1667,61.74,25,3,3.13
360,Wahpeton,US,2022-02-05 17:55:56,46.2652,-96.6059,16.02,79,100,19.57
361,Awjilah,LY,2022-02-05 17:55:56,29.1081,21.2869,58.28,46,0,3.51
362,Nishihara,JP,2022-02-05 17:54:19,26.1842,127.7558,56.86,62,75,19.57
363,Redlands,US,2022-02-05 17:55:56,34.0556,-117.1825,65.57,18,0,1.92
364,Yerbogachen,RU,2022-02-05 17:55:57,61.2767,108.0108,9.1,96,100,4.88
365,Bloomfield,US,2022-02-05 17:54:47,40.8068,-74.1854,31.06,58,75,8.99
366,Yendi,GH,2022-02-05 17:55:57,9.4427,-0.0099,89.71,12,3,3.6
367,Grand Baie,MU,2022-02-05 17:55:58,-20.0182,57.5802,80.46,81,100,8.99
368,Kaputa,ZM,2022-02-05 17:56:59,-8.4689,29.6619,69.62,82,86,1.5
369,Grafton,US,2022-02-05 17:56:59,42.207,-71.6856,24.93,68,65,4.0
370,Boa Vista,BR,2022-02-05 17:56:59,2.8197,-60.6733,89.58,45,75,12.66
371,Novozavidovskiy,RU,2022-02-05 17:57:00,56.55,36.4333,8.73,97,77,5.79
372,Harper,LR,2022-02-05 17:57:00,4.375,-7.7169,82.09,74,62,8.79
373,Katsuura,JP,2022-02-05 17:57:00,35.1333,140.3,33.91,44,31,5.14
374,Lagos,NG,2022-02-05 17:55:30,6.5833,3.75,88.12,72,3,6.76
375,Kavieng,PG,2022-02-05 17:57:01,-2.5744,150.7967,81.21,78,82,6.26
376,Maniwaki,CA,2022-02-05 17:57:01,46.3834,-75.966,3.58,43,17,5.75
377,Angatuba,BR,2022-02-05 17:57:01,-23.4897,-48.4128,80.33,71,88,12.93
378,Oranjemund,NA,2022-02-05 17:57:02,-28.55,16.4333,67.89,74,27,7.4
379,Monteria,CO,2022-02-05 17:55:35,8.748,-75.8814,89.51,51,40,8.05
380,Luebo,CD,2022-02-05 17:57:03,-5.35,21.4167,76.35,74,76,0.63
381,Gus-Zheleznyy,RU,2022-02-05 17:57:04,55.0581,41.1656,1.71,100,68,3.29
382,Sire,NG,2022-02-05 17:57:04,12.9299,5.2043,75.76,12,0,9.86
383,Soe,ID,2022-02-05 17:57:05,-9.8607,124.284,66.6,95,88,3.2
384,Zaysan,KZ,2022-02-05 17:57:05,47.4667,84.8667,7.12,66,0,6.64
385,Amalapuram,IN,2022-02-05 17:57:06,16.5833,82.0167,69.12,91,72,3.74
386,Campbellsville,US,2022-02-05 17:57:06,37.3434,-85.3419,29.71,54,83,1.99
387,Hay River,CA,2022-02-05 17:57:06,60.8156,-115.7999,-7.62,77,75,2.3
388,Dondo,MZ,2022-02-05 17:57:07,-19.6094,34.7431,83.71,76,15,8.99
389,Codrington,AU,2022-02-05 17:57:07,-38.2667,141.9667,56.62,90,99,8.01
390,Uvarovka,RU,2022-02-05 17:57:08,55.5278,35.6061,11.66,97,88,8.3
391,Goderich,CA,2022-02-05 17:57:08,43.7501,-81.7165,17.91,62,99,5.75
392,Shelburne,CA,2022-02-05 17:57:09,44.0787,-80.2041,14.13,71,28,5.48
393,Nelson Bay,AU,2022-02-05 17:57:09,-32.7167,152.15,71.01,66,96,3.0
394,Kailua,US,2022-02-05 17:57:10,21.4022,-157.7394,74.75,92,1,1.01
395,Coihaique,CL,2022-02-05 17:57:11,-45.5752,-72.0662,70.41,43,75,8.05
396,Picton,AU,2022-02-05 17:57:11,-34.1833,150.6,67.23,91,73,5.66
397,Kantang,TH,2022-02-05 17:57:11,7.4054,99.5156,76.8,82,61,6.71
398,Iqaluit,CA,2022-02-05 17:57:12,63.7506,-68.5145,-24.07,62,75,0.0
399,Jacareacanga,BR,2022-02-05 17:57:13,-6.2222,-57.7528,83.16,82,86,0.65
400,Kingston,JM,2022-02-05 17:55:50,17.997,-76.7936,86.16,44,20,1.99
401,Kamiiso,JP,2022-02-05 17:57:13,41.8167,140.65,22.26,81,52,9.44
402,Pau Dos Ferros,BR,2022-02-05 17:57:14,-6.1125,-38.2063,93.94,33,56,6.04
403,Huarmey,PE,2022-02-05 17:57:14,-10.0681,-78.1522,76.71,71,21,11.63
404,Jimeta,NG,2022-02-05 17:57:14,9.2833,12.4667,80.15,11,39,5.41
405,Temiscaming,CA,2022-02-05 17:57:15,46.7212,-79.0971,2.71,72,32,1.14
406,Newport,GB,2022-02-05 17:57:15,51.5877,-2.9984,51.26,80,100,5.99
407,Karonga,MW,2022-02-05 17:57:15,-9.9333,33.9333,75.97,76,99,5.73
408,Cefalu,IT,2022-02-05 17:57:16,38.0386,14.0229,57.54,82,89,5.01
409,Berdigestyakh,RU,2022-02-05 17:57:16,62.0989,126.6992,-21.32,100,100,1.14
410,Latehar,IN,2022-02-05 17:57:16,23.75,84.5,50.79,52,0,1.83
411,Nuuk,GL,2022-02-05 17:57:17,64.1835,-51.7216,7.88,78,100,10.0
412,Pouebo,NC,2022-02-05 17:57:17,-20.4,164.5667,76.19,82,91,3.98
413,Calama,CL,2022-02-05 17:57:18,-22.4667,-68.9333,73.89,10,1,11.5
414,Krasnyy Chikoy,RU,2022-02-05 17:57:18,50.3643,108.7512,-5.67,100,80,1.86
415,Ukiah,US,2022-02-05 17:54:20,39.1502,-123.2078,61.97,62,100,1.01
416,Izhma,RU,2022-02-05 17:57:18,65.0083,53.9113,-9.71,100,41,3.38
417,Walvis Bay,NA,2022-02-05 17:58:19,-22.9575,14.5053,70.75,73,7,5.75
418,Odweyne,SO,2022-02-05 17:58:19,9.4092,45.064,67.68,27,94,10.38
419,Marawi,PH,2022-02-05 17:58:20,7.9986,124.2928,67.64,92,61,2.04
420,Dinar,TR,2022-02-05 17:58:20,38.065,30.1656,30.16,73,17,3.94
421,Guilin,CN,2022-02-05 17:55:12,25.2819,110.2864,44.71,80,100,5.44
422,Rehoboth,NA,2022-02-05 17:58:21,-23.3167,17.0833,73.96,54,98,10.16
423,Bellevue,US,2022-02-05 17:58:21,47.6104,-122.2007,46.06,88,100,1.99
424,Lavrentiya,RU,2022-02-05 17:58:21,65.5833,-171.0,-18.04,93,29,9.13
425,Chekmagush,RU,2022-02-05 17:58:22,55.1319,54.6556,21.49,93,100,2.62
426,San Angelo,US,2022-02-05 17:54:49,31.4638,-100.437,42.64,70,2,8.19
427,Mehriz,IR,2022-02-05 17:58:22,31.5917,54.4318,46.9,28,10,2.71
428,Bida,NG,2022-02-05 17:58:22,9.0833,6.0167,86.97,12,22,1.45
429,Tigzirt,DZ,2022-02-05 17:58:23,36.8886,4.1198,55.74,85,99,13.91
430,Ozernovskiy,RU,2022-02-05 17:58:23,51.5,156.5167,25.45,91,100,4.81
431,La Libertad,EC,2022-02-05 17:58:24,-2.2333,-80.9,82.06,69,0,6.91
432,Praia Da Vitoria,PT,2022-02-05 17:58:24,38.7333,-27.0667,61.75,94,75,17.29
433,Sampit,ID,2022-02-05 17:58:24,-2.5333,112.95,74.23,98,100,2.06
434,Toora-Khem,RU,2022-02-05 17:58:25,52.4675,96.11,-8.16,99,97,1.25
435,Viedma,AR,2022-02-05 17:58:25,-40.8135,-62.9967,61.72,52,100,15.88
436,Acapulco,MX,2022-02-05 17:56:00,16.8634,-99.8901,83.71,49,2,7.2
437,Sitka,US,2022-02-05 17:55:32,57.0531,-135.33,39.18,97,100,7.07
438,Khategaon,IN,2022-02-05 17:58:26,22.6,76.9167,62.28,27,0,4.14
439,Novobirilyussy,RU,2022-02-05 17:54:49,56.9514,90.6661,17.62,85,100,8.66
440,Bani Walid,LY,2022-02-05 17:55:08,31.7566,13.9942,62.96,25,53,6.76
441,Kisoro,UG,2022-02-05 17:58:26,-1.2854,29.685,57.85,92,100,3.38
442,Chachapoyas,PE,2022-02-05 17:58:27,-6.2317,-77.869,64.35,75,47,4.41
443,Ponta Delgada,PT,2022-02-05 17:58:27,37.7333,-25.6667,65.5,72,20,14.97
444,La Ronge,CA,2022-02-05 17:58:27,55.1001,-105.2842,-9.15,64,75,9.22
445,Grindavik,IS,2022-02-05 17:58:13,63.8424,-22.4338,28.35,80,75,6.91
446,Wuchi,CN,2022-02-05 17:58:28,29.3786,103.023,26.74,97,99,1.23
447,Broome,US,2022-02-05 17:58:10,42.2506,-75.833,19.65,69,40,3.0
448,Curup,ID,2022-02-05 17:58:29,-3.4667,102.5333,68.05,100,100,3.2
449,Biala Podlaska,PL,2022-02-05 17:58:29,52.0324,23.1165,33.67,92,76,16.44
450,Changzhou,CN,2022-02-05 17:58:29,31.7833,119.9667,35.01,47,62,5.26
451,Tsiroanomandidy,MG,2022-02-05 17:58:30,-18.7667,46.0333,66.87,97,100,5.28
452,Lorengau,PG,2022-02-05 17:54:18,-2.0226,147.2712,80.71,77,36,8.68
453,Hervey Bay,AU,2022-02-05 17:58:30,-25.2986,152.8535,68.11,58,83,21.0
454,Guerrero Negro,MX,2022-02-05 17:58:31,27.9769,-114.0611,64.17,26,0,2.68
455,Uarini,BR,2022-02-05 17:58:31,-2.99,-65.1083,82.35,71,99,1.97
456,Chumikan,RU,2022-02-05 17:58:31,54.7183,135.315,-1.77,77,100,12.53
457,Ruidoso,US,2022-02-05 17:58:32,33.3317,-105.673,46.87,33,0,8.05
458,Kununurra,AU,2022-02-05 17:56:26,-15.7667,128.7333,78.78,94,100,0.0
459,Linfen,CN,2022-02-05 17:58:32,36.0889,111.5189,32.2,49,93,3.89
460,Auki,SB,2022-02-05 17:58:33,-8.7676,160.7034,79.23,86,78,6.22
461,Port Blair,IN,2022-02-05 17:57:59,11.6667,92.75,80.64,78,20,4.61
462,Pocinhos,BR,2022-02-05 17:59:33,-7.0767,-36.0611,88.09,33,27,10.42
463,Verkhniye Kigi,RU,2022-02-05 17:59:33,55.4083,58.6044,14.63,95,100,3.38
464,Tenenkou,ML,2022-02-05 17:59:34,14.4572,-4.9169,83.7,7,0,7.87
465,Tarabha,IN,2022-02-05 17:59:34,20.7333,83.65,58.96,26,32,1.39
466,Turukhansk,RU,2022-02-05 17:59:35,65.8167,87.9833,-10.98,100,92,3.6
467,Ossora,RU,2022-02-05 17:59:35,59.2353,163.0719,13.03,90,100,12.46
468,Kolhapur,IN,2022-02-05 17:59:36,16.7,74.2167,63.81,83,19,4.05
469,Tubuala,PA,2022-02-05 17:59:36,9.5167,-79.0333,93.33,67,58,12.44
470,Westport,US,2022-02-05 17:59:17,41.1415,-73.3579,29.75,65,38,4.0
471,Bisira,PA,2022-02-05 17:59:36,8.5196,-81.7115,70.18,55,86,8.28
472,Pivijay,CO,2022-02-05 17:59:37,10.4617,-74.6162,91.38,29,8,4.43
473,Gaya,IN,2022-02-05 17:59:37,24.7833,85.0,51.71,87,20,0.0
474,Ginir,ET,2022-02-05 17:59:37,7.1333,40.7,62.37,18,65,2.59
475,Gorodovikovsk,RU,2022-02-05 17:59:38,46.0878,41.9335,26.96,88,75,9.28
476,Abbeville,FR,2022-02-05 17:59:38,50.1,1.8333,48.94,80,91,19.37
477,Blagoveshchensk,RU,2022-02-05 17:59:39,50.2667,127.5333,2.01,66,0,4.47
478,Gizo,SB,2022-02-05 17:59:39,-8.103,156.8419,82.63,79,99,10.09
479,Comodoro Rivadavia,AR,2022-02-05 17:59:39,-45.8667,-67.5,73.26,43,0,16.11
480,Sinop,TR,2022-02-05 17:59:40,41.7711,34.8709,28.94,81,88,10.54
481,Zaykovo,RU,2022-02-05 17:59:40,57.5613,62.7568,17.19,94,100,4.29
482,Mareeba,AU,2022-02-05 17:55:46,-17.0,145.4333,72.32,95,100,1.77
483,Aswan,EG,2022-02-05 17:59:41,24.0934,32.907,56.35,42,0,11.59
484,Eirunepe,BR,2022-02-05 17:59:41,-6.6603,-69.8736,83.16,72,97,3.76
485,Lahij,YE,2022-02-05 17:59:41,13.1667,44.5833,74.91,58,3,6.55
486,Port-Gentil,GA,2022-02-05 17:59:42,-0.7193,8.7815,79.86,80,22,9.24
487,Bo Phloi,TH,2022-02-05 17:59:42,14.3236,99.5161,81.32,57,90,4.61
488,Tucuman,AR,2022-02-05 17:59:42,-26.8241,-65.2226,82.4,57,40,5.75
489,Iisalmi,FI,2022-02-05 17:59:43,63.5592,27.1907,21.22,95,100,8.34
490,Bentong,MY,2022-02-05 17:59:43,3.5181,101.9079,76.44,98,100,1.74
491,Langsa,ID,2022-02-05 17:59:44,4.4683,97.9683,74.37,94,100,1.54
492,Maralal,KE,2022-02-05 17:59:44,1.0968,36.698,64.9,55,100,6.55
493,Turinskaya Sloboda,RU,2022-02-05 17:59:45,57.6232,64.3858,16.07,93,100,5.12
494,Bako,ET,2022-02-05 17:59:45,5.7833,36.5667,68.52,55,95,3.98
495,Lokachi,UA,2022-02-05 17:59:46,50.737,24.6494,35.74,91,95,12.5
496,Nipawin,CA,2022-02-05 17:58:29,53.3668,-104.0009,-7.56,77,40,8.05
497,Conceicao Do Araguaia,BR,2022-02-05 17:59:46,-8.2578,-49.2647,91.74,50,61,4.68
498,Chermoz,RU,2022-02-05 17:59:46,58.787,56.1489,11.71,97,91,6.04
499,Astoria,US,2022-02-05 17:59:47,46.1879,-123.8313,44.94,94,82,1.99
500,Dunedin,NZ,2022-02-05 17:59:47,-45.8742,170.5036,50.81,81,32,6.15
501,Blankenberge,BE,2022-02-05 17:59:47,51.3131,3.1323,48.02,80,82,3.0
502,Namatanai,PG,2022-02-05 17:59:26,-3.6667,152.4333,80.02,78,78,9.22
503,Yartsevo,RU,2022-02-05 17:59:48,55.0667,32.6964,20.32,95,100,9.28
504,Jiuquan,CN,2022-02-05 17:59:48,39.7432,98.5174,17.11,42,100,6.82
505,Beringovskiy,RU,2022-02-05 17:59:49,63.05,179.3167,-8.99,91,70,14.9
506,Coquimbo,CL,2022-02-05 17:55:20,-29.9533,-71.3436,69.53,73,0,14.97
507,Rio Gallegos,AR,2022-02-05 17:59:49,-51.6226,-69.2181,71.65,28,0,13.8
508,Itaituba,BR,2022-02-05 17:59:50,-4.2761,-55.9836,86.16,74,40,0.0
509,Marsh Harbour,BS,2022-02-05 18:00:04,26.5412,-77.0636,73.92,57,0,3.04
510,Dhidhdhoo,MV,2022-02-05 18:00:51,6.8833,73.1,80.53,71,47,11.36
511,Benalla,AU,2022-02-05 18:00:51,-36.55,145.9833,57.58,73,5,5.17
512,Lindi,TZ,2022-02-05 18:00:52,-10.0,39.7167,77.59,72,98,2.48
513,Bambanglipuro,ID,2022-02-05 18:00:52,-7.95,110.2833,62.6,85,100,5.37
514,Bingol,TR,2022-02-05 18:00:52,38.8847,40.4939,11.03,81,3,6.55
515,Mykolayivka,UA,2022-02-05 18:00:53,47.5414,30.7561,31.91,73,56,4.92
516,Venezuela,VE,2022-02-05 18:00:53,8.0,-66.0,93.99,33,13,12.33
517,Axim,GH,2022-02-05 17:56:35,4.8699,-2.2405,81.91,76,33,11.39
518,Panacan,PH,2022-02-05 18:00:54,9.2463,118.4082,78.19,85,98,18.54
519,Kathu,TH,2022-02-05 18:00:54,7.9178,98.3332,80.42,78,60,19.86
520,Obregon,NI,2022-02-05 18:00:54,11.9566,-85.9636,92.44,37,11,16.87
521,Kalabo,ZM,2022-02-05 18:00:55,-14.97,22.6814,68.43,92,87,5.82
522,Laramie,US,2022-02-05 18:00:55,41.3114,-105.5911,36.79,43,21,24.94
523,Carndonagh,IE,2022-02-05 18:00:56,55.25,-7.2667,42.13,95,100,22.21
524,Srednekolymsk,RU,2022-02-05 17:56:03,67.45,153.6833,-39.78,99,47,3.8
525,Imeni Poliny Osipenko,RU,2022-02-05 18:00:56,52.4201,136.4853,0.09,94,94,5.19
526,Adiake,CI,2022-02-05 18:00:56,5.2863,-3.304,85.59,74,21,10.71
527,Zelenoborskiy,RU,2022-02-05 18:00:57,66.845,32.3622,18.91,95,100,12.66
528,Topeka,US,2022-02-05 17:57:28,39.0483,-95.678,40.48,52,4,8.01
529,Merin,CZ,2022-02-05 18:00:57,49.3932,15.8838,36.99,47,58,11.59
530,Babati,TZ,2022-02-05 18:00:58,-4.2167,35.75,62.78,89,100,4.32
531,Frontignan,FR,2022-02-05 18:00:58,43.4485,3.754,50.14,44,68,15.73
532,Gubskaya,RU,2022-02-05 18:00:58,44.3164,40.6358,15.84,92,29,5.03
533,Ust-Kuyga,RU,2022-02-05 18:00:59,70.0167,135.6,-44.37,100,99,2.8
534,Lishui,CN,2022-02-05 18:00:59,28.4604,119.9103,41.05,81,91,3.29
535,Leku,ET,2022-02-05 18:00:59,6.8667,38.45,67.62,27,96,4.97
536,Porkhov,RU,2022-02-05 18:01:00,57.765,29.5561,24.69,95,100,7.27
537,Ust-Barguzin,RU,2022-02-05 18:01:01,53.45,108.9833,2.03,98,96,4.14
538,Honiara,SB,2022-02-05 18:01:01,-9.4333,159.95,78.98,88,99,1.32
539,Koslan,RU,2022-02-05 18:01:02,63.4564,48.8989,-2.74,100,79,4.72
540,Aykhal,RU,2022-02-05 18:01:02,66.0,111.5,-25.56,100,85,5.1
541,Houston,US,2022-02-05 17:57:28,29.7633,-95.3633,47.39,50,0,1.99
542,Gwadar,PK,2022-02-05 18:01:03,25.1216,62.3254,72.23,73,9,10.27
543,Carberry,CA,2022-02-05 18:01:03,49.8689,-99.3602,0.64,89,100,6.82
544,Zambezi,ZM,2022-02-05 18:01:04,-13.5432,23.1047,65.88,90,96,4.18
545,Oussouye,SN,2022-02-05 18:01:04,12.485,-16.5469,89.31,22,2,10.31
546,Panjakent,TJ,2022-02-05 18:01:04,39.4952,67.6093,49.8,67,100,7.11
547,Margate,GB,2022-02-05 17:58:47,51.3813,1.3862,49.69,74,88,11.01
548,Saskylakh,RU,2022-02-05 17:56:53,71.9167,114.0833,-27.27,100,85,3.62
