City_ID,City,Lat,Lng,Max Temp,Humidity,Cloudiness,Wind Speed,Country,Date,Current Description
0,Albany,42.6001,-73.9662,25.66,46,16,1.01,US,2022-02-06 17:06:01,few clouds
1,Bluff,-46.6,168.3333,39.79,81,1,5.12,NZ,2022-02-06 17:07:16,clear sky
2,Arraial Do Cabo,-22.9661,-42.0278,87.66,58,0,18.41,BR,2022-02-06 17:07:16,clear sky
3,Hermanus,-34.4187,19.2345,73.9,79,7,9.53,ZA,2022-02-06 17:07:17,clear sky
4,Ruteng,-8.6136,120.4721,63.07,91,45,1.72,ID,2022-02-06 17:07:17,scattered clouds
5,Sangar,63.9242,127.4739,-34.76,97,93,4.36,RU,2022-02-06 17:07:18,overcast clouds
6,Samarai,-10.6167,150.6667,81.3,80,100,12.75,PG,2022-02-06 17:07:18,overcast clouds
7,Pisco,-13.7,-76.2167,71.02,83,40,9.22,PE,2022-02-06 17:07:18,mist
8,Te Anau,-45.4167,167.7167,39.52,94,3,1.57,NZ,2022-02-06 17:07:19,clear sky
9,Yeppoon,-23.1333,150.7333,69.58,76,15,15.59,AU,2022-02-06 17:07:19,few clouds
10,Kavieng,-2.5744,150.7967,81.41,78,100,4.12,PG,2022-02-06 17:07:19,overcast clouds
11,Rikitea,-23.1203,-134.9692,78.78,71,91,16.08,PF,2022-02-06 17:07:19,overcast clouds
12,Dingle,10.9995,122.6711,74.84,88,49,8.12,PH,2022-02-06 17:07:20,scattered clouds
13,Wuhu,31.3366,118.3755,34.36,98,100,12.48,CN,2022-02-06 17:07:20,light snow
14,Victoria,22.2855,114.1577,62.58,85,100,5.99,HK,2022-02-06 17:03:09,overcast clouds
15,Tasiilaq,65.6145,-37.6368,23.16,60,100,26.24,GL,2022-02-06 17:07:21,overcast clouds
16,Kuching,1.55,110.3333,75.42,100,40,3.44,MY,2022-02-06 17:07:22,moderate rain
17,Upernavik,72.7868,-56.1549,-9.54,93,100,5.44,GL,2022-02-06 17:07:22,overcast clouds
18,Jorhat,26.75,94.2167,56.39,71,1,1.68,IN,2022-02-06 17:07:22,clear sky
19,Ushuaia,-54.8,-68.3,55.06,58,75,5.75,AR,2022-02-06 17:05:47,broken clouds
20,Tilichiki,60.4667,166.1,-13.65,86,62,9.66,RU,2022-02-06 17:07:23,broken clouds
21,Vestmannaeyjar,63.4427,-20.2734,31.19,69,0,11.5,IS,2022-02-06 17:07:14,clear sky
22,Tuatapere,-46.1333,167.6833,39.81,92,3,3.83,NZ,2022-02-06 17:07:23,clear sky
23,Vostok,46.4856,135.8833,-11.65,99,81,4.43,RU,2022-02-06 17:06:49,broken clouds
24,Egvekinot,66.3167,-179.1667,-13.97,85,5,7.0,RU,2022-02-06 17:07:24,clear sky
25,Faanui,-16.4833,-151.75,81.63,75,96,20.92,PF,2022-02-06 17:07:24,light rain
26,Dikson,73.5069,80.5464,-21.78,99,68,8.68,RU,2022-02-06 17:07:24,broken clouds
27,Oranjemund,-28.55,16.4333,69.75,64,47,13.73,NA,2022-02-06 17:07:25,scattered clouds
28,Formosa,-26.1775,-58.1781,85.98,37,20,18.41,AR,2022-02-06 17:07:25,few clouds
29,Saint George,37.1041,-113.5841,48.25,32,0,1.99,US,2022-02-06 17:03:08,clear sky
30,Pevek,69.7008,170.3133,-24.43,99,29,1.34,RU,2022-02-06 17:06:54,scattered clouds
31,Bredasdorp,-34.5322,20.0403,79.56,37,25,9.86,ZA,2022-02-06 17:05:34,scattered clouds
32,Kapaa,22.0752,-159.319,71.92,84,75,6.91,US,2022-02-06 17:07:26,light rain
33,Atuona,-9.8,-139.0333,78.67,74,10,20.47,PF,2022-02-06 17:07:26,clear sky
34,Gornoye Loo,43.7129,39.6049,37.18,89,100,1.99,RU,2022-02-06 17:07:27,overcast clouds
35,Luderitz,-26.6481,15.1594,69.33,76,22,9.37,NA,2022-02-06 17:07:27,few clouds
36,Santa Maria,-29.6842,-53.8069,84.42,30,7,11.68,BR,2022-02-06 17:07:27,clear sky
37,Vaini,-21.2,-175.2,75.36,94,100,12.66,TO,2022-02-06 17:07:28,light rain
38,Fenoarivo Atsinanana,-17.3667,49.4167,80.65,79,62,7.31,MG,2022-02-06 17:07:28,light rain
39,Barrow,71.2906,-156.7887,-23.78,76,20,6.91,US,2022-02-06 17:07:28,few clouds
40,Puerto Ayora,-0.7393,-90.3518,80.56,86,64,5.99,EC,2022-02-06 17:07:29,broken clouds
41,Port Elizabeth,-33.918,25.5701,80.1,83,20,18.41,ZA,2022-02-06 17:07:29,few clouds
42,Pierre,44.3683,-100.351,36.05,67,100,13.0,US,2022-02-06 17:04:54,overcast clouds
43,Cabo San Lucas,22.8909,-109.9124,70.05,71,20,4.61,MX,2022-02-06 17:07:30,few clouds
44,Provideniya,64.3833,-173.3,-3.46,80,0,7.74,RU,2022-02-06 17:07:30,clear sky
45,Port Alfred,-33.5906,26.891,76.17,81,0,30.58,ZA,2022-02-06 17:07:30,clear sky
46,Busselton,-33.65,115.3333,55.09,66,77,18.95,AU,2022-02-06 17:03:06,broken clouds
47,Gubkinskiy,64.434,76.5026,-21.95,100,59,4.99,RU,2022-02-06 17:08:31,broken clouds
48,Halifax,44.6453,-63.5724,19.99,76,0,1.99,CA,2022-02-06 17:04:14,clear sky
49,Cururupu,-1.8283,-44.8683,85.98,67,80,7.58,BR,2022-02-06 17:08:31,moderate rain
50,Pilar,-9.5972,-35.9567,87.73,45,11,15.12,BR,2022-02-06 17:03:35,few clouds
51,Punta Arenas,-53.15,-70.9167,69.91,47,75,17.27,CL,2022-02-06 17:05:33,broken clouds
52,Butaritari,3.0707,172.7902,81.19,78,51,15.12,KI,2022-02-06 17:08:32,light rain
53,Kupang,-10.1667,123.5833,79.16,85,79,7.94,ID,2022-02-06 17:08:32,broken clouds
54,Zhanaozen,43.3,52.8,30.67,68,66,8.08,KZ,2022-02-06 17:08:33,broken clouds
55,Port Macquarie,-31.4333,152.9167,64.29,94,75,5.75,AU,2022-02-06 17:08:33,broken clouds
56,Seoul,37.5683,126.9778,22.44,49,34,7.07,KR,2022-02-06 17:08:33,scattered clouds
57,Medicine Hat,50.0501,-110.6683,32.59,70,98,11.95,CA,2022-02-06 17:06:10,overcast clouds
58,Mataura,-46.1927,168.8643,39.47,99,3,2.01,NZ,2022-02-06 17:08:34,clear sky
59,Harper,4.375,-7.7169,82.9,69,84,10.49,LR,2022-02-06 17:08:34,broken clouds
60,Uzunovo,54.5386,38.6173,21.43,98,95,4.52,RU,2022-02-06 17:08:34,light snow
61,Hithadhoo,-0.6,73.0833,82.83,70,25,11.3,MV,2022-02-06 17:08:35,scattered clouds
62,Bambanglipuro,-7.95,110.2833,76.35,94,100,2.62,ID,2022-02-06 17:08:35,overcast clouds
63,Carnarvon,-24.8667,113.6333,74.8,70,28,23.09,AU,2022-02-06 17:06:08,scattered clouds
64,Castro,-24.7911,-50.0119,77.34,69,76,8.86,BR,2022-02-06 17:07:20,broken clouds
65,Chuy,-33.6971,-53.4616,70.57,52,75,15.19,UY,2022-02-06 17:07:52,broken clouds
66,Kahului,20.8947,-156.47,73.85,79,20,11.5,US,2022-02-06 17:05:15,few clouds
67,Champawat,29.3333,80.1,39.65,91,86,2.89,IN,2022-02-06 17:08:36,overcast clouds
68,Khatanga,71.9667,102.5,-22.45,99,95,7.67,RU,2022-02-06 17:08:36,overcast clouds
69,Ucluelet,48.9329,-125.5528,38.95,93,98,5.82,CA,2022-02-06 17:07:10,overcast clouds
70,Alofi,-19.0595,-169.9187,79.79,72,100,5.01,NU,2022-02-06 17:08:37,light rain
71,Norman Wells,65.282,-126.8329,-14.76,70,75,9.22,CA,2022-02-06 17:08:37,light snow
72,Sechura,-5.5569,-80.8222,81.46,56,87,8.7,PE,2022-02-06 17:08:37,overcast clouds
73,Rae Bareli,26.2167,81.2333,53.73,63,0,4.03,IN,2022-02-06 17:08:38,clear sky
74,Bonoua,5.2741,-3.595,82.02,64,64,10.33,CI,2022-02-06 17:08:38,broken clouds
75,Kodiak,57.79,-152.4072,38.71,65,0,3.44,US,2022-02-06 17:04:28,clear sky
76,Chiredzi,-21.05,31.6667,78.98,51,96,2.71,ZW,2022-02-06 17:08:39,overcast clouds
77,Salalah,17.0151,54.0924,77.09,78,0,1.14,OM,2022-02-06 17:08:39,clear sky
78,Waipawa,-41.4122,175.5153,57.83,81,100,12.12,NZ,2022-02-06 17:08:39,overcast clouds
79,Namibe,-15.1961,12.1522,76.01,66,86,14.36,AO,2022-02-06 17:08:40,overcast clouds
80,Cherskiy,68.75,161.3,-30.3,100,33,2.1,RU,2022-02-06 17:08:40,scattered clouds
81,Torrington,41.8007,-73.1212,25.97,44,71,1.01,US,2022-02-06 17:08:41,snow
82,Touros,-5.1989,-35.4608,90.5,54,15,12.91,BR,2022-02-06 17:08:41,few clouds
83,Portland,45.5234,-122.6762,46.17,88,100,7.0,US,2022-02-06 17:07:23,fog
84,Mar Del Plata,-38.0023,-57.5575,64.87,90,100,23.0,AR,2022-02-06 17:08:42,overcast clouds
85,Buala,-8.145,159.5921,80.4,84,97,8.72,SB,2022-02-06 17:08:42,light rain
86,Mugumu,-1.85,34.7,67.3,67,100,3.94,TZ,2022-02-06 17:08:42,overcast clouds
87,Sigli,5.3848,95.9609,77.38,88,100,6.6,ID,2022-02-06 17:08:43,overcast clouds
88,San Patricio,28.017,-97.5169,59.09,64,0,3.44,US,2022-02-06 17:08:43,clear sky
89,Bonavista,48.6499,-53.1147,17.11,68,100,25.46,CA,2022-02-06 17:08:43,overcast clouds
90,Nikolskoye,59.7035,30.7861,34.88,94,100,12.3,RU,2022-02-06 17:08:44,light snow
91,Mahebourg,-20.4081,57.7,79.25,82,40,12.66,MU,2022-02-06 17:06:04,scattered clouds
92,Yabrud,33.9674,36.6574,35.53,77,41,1.3,SY,2022-02-06 17:09:44,scattered clouds
93,Bilma,18.6853,12.9164,70.41,11,0,9.13,NE,2022-02-06 17:09:44,clear sky
94,Saskylakh,71.9167,114.0833,-26.75,100,97,1.32,RU,2022-02-06 17:09:45,overcast clouds
95,Seydi,39.4816,62.9137,42.01,54,96,6.91,TM,2022-02-06 17:09:45,overcast clouds
96,Rovinj,45.08,13.64,48.69,84,89,8.41,HR,2022-02-06 17:09:45,overcast clouds
97,Aykhal,66.0,111.5,-10.3,98,100,5.21,RU,2022-02-06 17:09:46,overcast clouds
98,New Norfolk,-42.7826,147.0587,53.71,71,40,2.1,AU,2022-02-06 17:09:46,scattered clouds
99,Balsas,-7.5325,-46.0356,88.3,55,94,2.28,BR,2022-02-06 17:09:47,overcast clouds
100,Taltal,-25.4,-70.4833,71.47,67,6,6.82,CL,2022-02-06 17:09:47,clear sky
101,Broken Hill,-31.95,141.4333,73.9,34,16,12.73,AU,2022-02-06 17:09:47,few clouds
102,Mira,45.4358,12.1348,48.85,87,75,6.91,IT,2022-02-06 17:09:48,mist
103,Kenora,49.8167,-94.4337,1.38,86,96,6.06,CA,2022-02-06 17:09:48,overcast clouds
104,Nizwa,22.9333,57.5333,70.0,48,1,4.34,OM,2022-02-06 17:09:48,clear sky
105,Beringovskiy,63.05,179.3167,-17.1,98,18,8.97,RU,2022-02-06 17:09:49,few clouds
106,Praia Da Vitoria,38.7333,-27.0667,63.75,88,27,18.37,PT,2022-02-06 17:09:49,scattered clouds
107,Labuhan,-6.8844,112.2051,78.4,90,100,7.56,ID,2022-02-06 17:09:49,overcast clouds
108,Octeville,49.6261,-1.6435,51.93,87,100,34.52,FR,2022-02-06 17:09:50,light intensity drizzle
109,Saint-Augustin,51.226,-58.6502,-2.24,69,16,16.6,CA,2022-02-06 17:09:50,few clouds
110,Yellowknife,62.456,-114.3525,-9.58,96,100,13.85,CA,2022-02-06 17:09:50,overcast clouds
111,Vardo,70.3705,31.1107,24.78,80,75,21.85,NO,2022-02-06 17:06:49,broken clouds
112,Maramba,-5.05,38.6167,66.15,91,100,6.33,TZ,2022-02-06 17:09:15,light rain
113,Kodinsk,58.6881,99.1844,6.94,99,100,1.92,RU,2022-02-06 17:09:51,overcast clouds
114,Sabya,17.1495,42.6254,77.02,65,21,10.25,SA,2022-02-06 17:09:51,few clouds
115,Beian,63.6559,9.5683,39.0,93,75,29.93,NO,2022-02-06 17:09:52,shower sleet
116,Tuktoyaktuk,69.4541,-133.0374,-15.84,99,100,10.11,CA,2022-02-06 17:09:41,overcast clouds
117,Nizhniy Tsasuchey,50.5167,115.1333,1.13,97,95,4.41,RU,2022-02-06 17:09:52,overcast clouds
118,Fairbanks,64.8378,-147.7164,-0.69,76,100,5.75,US,2022-02-06 17:06:02,light snow
119,San Cristobal,7.7669,-72.225,68.18,53,87,4.41,VE,2022-02-06 17:09:53,overcast clouds
120,Mount Gambier,-37.8333,140.7667,61.95,62,1,5.93,AU,2022-02-06 17:05:56,clear sky
121,Khalkhal,37.6189,48.5258,22.96,92,85,5.14,IR,2022-02-06 17:09:53,overcast clouds
122,Pimentel,-6.8367,-79.9342,77.29,61,75,11.5,PE,2022-02-06 17:09:54,broken clouds
123,Comodoro Rivadavia,-45.8667,-67.5,78.66,31,0,11.5,AR,2022-02-06 17:08:16,clear sky
124,Jacareacanga,-6.2222,-57.7528,82.44,84,94,2.1,BR,2022-02-06 17:09:54,overcast clouds
125,Hilo,19.7297,-155.09,68.79,96,100,5.75,US,2022-02-06 17:05:36,moderate rain
126,Sao Joao Da Barra,-21.6403,-41.0511,87.89,80,7,15.68,BR,2022-02-06 17:09:55,clear sky
127,Ilulissat,69.2167,-51.1,1.42,46,100,6.91,GL,2022-02-06 17:09:55,overcast clouds
128,Pavlysh,48.9176,33.3569,29.01,88,72,10.11,UA,2022-02-06 17:09:55,broken clouds
129,Hobart,-42.8794,147.3294,55.06,84,28,5.75,AU,2022-02-06 17:06:02,scattered clouds
130,Constitucion,-35.3333,-72.4167,72.52,54,3,7.2,CL,2022-02-06 17:09:56,clear sky
131,Sur,22.5667,59.5289,71.74,71,0,8.25,OM,2022-02-06 17:05:43,clear sky
132,Longyearbyen,78.2186,15.6401,19.24,63,40,19.57,SJ,2022-02-06 17:09:56,scattered clouds
133,Port Lincoln,-34.7333,135.8667,70.81,71,0,11.72,AU,2022-02-06 17:09:57,clear sky
134,Cape Town,-33.9258,18.4232,78.1,42,19,1.01,ZA,2022-02-06 17:05:41,few clouds
135,Altamira,-3.2033,-52.2064,79.7,91,98,4.03,BR,2022-02-06 17:07:26,overcast clouds
136,Severo-Kurilsk,50.6789,156.125,30.33,83,100,14.74,RU,2022-02-06 17:09:57,overcast clouds
137,Kruisfontein,-34.0033,24.7314,77.88,67,64,10.22,ZA,2022-02-06 17:09:58,broken clouds
138,Kavaratti,10.5669,72.642,78.4,67,45,9.15,IN,2022-02-06 17:10:58,scattered clouds
139,Jamestown,42.097,-79.2353,31.01,40,0,8.01,US,2022-02-06 17:10:09,clear sky
140,Nioro,13.35,-15.75,101.98,6,1,5.64,GM,2022-02-06 17:10:59,clear sky
141,Makakilo City,21.3469,-158.0858,72.28,78,0,3.44,US,2022-02-06 17:10:59,clear sky
142,Ellensburg,46.9965,-120.5479,36.1,86,75,3.44,US,2022-02-06 17:10:59,broken clouds
143,Tual,-5.6667,132.75,82.85,76,100,6.73,ID,2022-02-06 17:11:00,overcast clouds
144,Qaanaaq,77.484,-69.3632,-12.89,61,65,8.14,GL,2022-02-06 17:11:00,broken clouds
145,Cookeville,36.1628,-85.5016,44.31,51,0,8.05,US,2022-02-06 17:09:42,clear sky
146,Sola,-13.8833,167.55,81.3,78,100,16.02,VU,2022-02-06 17:11:00,overcast clouds
147,Haines Junction,60.7522,-137.5108,21.18,94,83,7.2,CA,2022-02-06 17:10:10,broken clouds
148,Vao,-22.6667,167.4833,79.72,85,89,1.9,NC,2022-02-06 17:09:05,overcast clouds
149,Isangel,-19.55,169.2667,79.2,90,100,13.42,VU,2022-02-06 17:09:22,heavy intensity rain
150,Singapore,1.2897,103.8501,78.75,88,75,5.75,SG,2022-02-06 17:09:03,very heavy rain
151,Geraldton,-28.7667,114.6,70.21,52,75,12.66,AU,2022-02-06 17:08:29,broken clouds
152,Revin,49.9404,4.635,48.0,83,100,21.56,FR,2022-02-06 17:11:01,light rain
153,Kieta,-6.2167,155.6333,79.81,82,96,6.44,PG,2022-02-06 17:11:02,overcast clouds
154,Rawson,-43.3002,-65.1023,74.23,37,24,15.43,AR,2022-02-06 17:10:48,few clouds
155,Itarema,-2.9248,-39.9167,86.77,60,29,14.03,BR,2022-02-06 17:11:02,scattered clouds
156,Todos Santos,23.45,-110.2167,69.01,67,6,6.06,MX,2022-02-06 17:11:03,clear sky
157,Kyshtovka,56.555,76.6271,3.58,90,100,4.94,RU,2022-02-06 17:11:03,overcast clouds
158,Bethel,41.3712,-73.414,27.03,51,0,4.61,US,2022-02-06 17:06:16,clear sky
159,Vila Velha,-20.3297,-40.2925,87.75,74,20,10.0,BR,2022-02-06 17:11:03,few clouds
160,Broome,42.2506,-75.833,26.46,62,0,5.01,US,2022-02-06 17:11:04,clear sky
161,Camacha,33.0833,-16.3333,61.54,67,75,14.97,PT,2022-02-06 17:11:04,broken clouds
162,Itoman,26.1247,127.6694,59.02,58,100,8.05,JP,2022-02-06 17:11:05,overcast clouds
163,Bubaque,11.2833,-15.8333,78.3,66,8,12.5,GW,2022-02-06 17:11:05,clear sky
164,Karratha,-20.7377,116.8463,84.25,79,37,1.9,AU,2022-02-06 17:11:05,scattered clouds
165,La Paz,-16.5,-68.15,55.38,66,75,5.75,BO,2022-02-06 17:10:44,moderate rain
166,Bambous Virieux,-20.3428,57.7575,79.21,82,43,12.33,MU,2022-02-06 17:07:51,scattered clouds
167,Avarua,-21.2078,-159.775,73.45,100,20,9.22,CK,2022-02-06 17:08:56,few clouds
168,Esperance,-33.8667,121.9,66.04,87,21,27.69,AU,2022-02-06 17:11:06,few clouds
169,Byron Bay,-28.65,153.6167,67.87,79,89,15.03,AU,2022-02-06 17:11:07,overcast clouds
170,Clyde River,70.4692,-68.5914,-32.57,68,0,5.75,CA,2022-02-06 17:11:07,haze
171,Mchinji,-13.7984,32.8802,64.27,95,87,2.28,MW,2022-02-06 17:11:07,light rain
172,Dodola,6.9833,39.1833,61.7,31,99,1.36,ET,2022-02-06 17:11:08,overcast clouds
173,Solnechnyy,50.7214,136.6319,-2.58,99,99,1.86,RU,2022-02-06 17:11:08,overcast clouds
174,Kloulklubed,7.0419,134.2556,77.5,81,100,21.92,PW,2022-02-06 17:11:08,light rain
175,Souillac,-20.5167,57.5167,79.36,84,36,11.41,MU,2022-02-06 17:11:09,scattered clouds
176,Zhanakorgan,43.9098,67.2495,33.67,93,100,19.22,KZ,2022-02-06 17:11:09,overcast clouds
177,Artsyz,45.9919,29.4182,39.96,60,52,12.48,UA,2022-02-06 17:11:09,broken clouds
178,Torbay,47.6666,-52.7314,17.76,84,75,16.11,CA,2022-02-06 17:11:10,light snow
179,Elk Point,42.6833,-96.6836,34.84,69,57,17.58,US,2022-02-06 17:07:33,broken clouds
180,Alice Springs,-23.7,133.8833,62.15,88,0,2.3,AU,2022-02-06 17:09:02,clear sky
181,Noumea,-22.2763,166.4572,75.18,90,100,3.24,NC,2022-02-06 17:11:10,overcast clouds
182,East London,-33.0153,27.9116,75.67,80,4,23.53,ZA,2022-02-06 17:10:20,clear sky
183,Padang,-0.9492,100.3543,77.92,75,100,2.64,ID,2022-02-06 17:11:11,moderate rain
184,Lebu,-37.6167,-73.65,67.19,61,0,13.6,CL,2022-02-06 17:11:11,clear sky
185,Gat,31.61,34.7642,56.08,82,37,4.83,IL,2022-02-06 17:11:12,scattered clouds
186,Mayo,38.8876,-76.5119,35.71,42,0,4.0,US,2022-02-06 17:10:46,clear sky
187,Douentza,14.9951,-2.9517,87.08,7,0,6.51,ML,2022-02-06 17:12:12,clear sky
188,Saint-Philippe,-21.3585,55.7679,80.19,81,99,15.7,RE,2022-02-06 17:12:12,overcast clouds
189,Lakes Entrance,-37.8811,147.981,52.16,90,4,6.98,AU,2022-02-06 17:12:13,clear sky
190,Cayenne,4.9333,-52.3333,82.09,83,100,5.01,GF,2022-02-06 17:12:13,overcast clouds
191,Muravlenko,63.7898,74.523,-16.67,100,70,6.93,RU,2022-02-06 17:12:13,broken clouds
192,Puerto Del Rosario,28.5004,-13.8627,67.75,77,3,18.41,ES,2022-02-06 17:12:14,clear sky
193,Naze,28.3667,129.4833,51.71,65,100,11.3,JP,2022-02-06 17:09:22,overcast clouds
194,Cidreira,-30.1811,-50.2056,81.48,51,18,12.66,BR,2022-02-06 17:09:10,few clouds
195,Beyneu,45.3167,55.2,28.2,76,69,8.81,KZ,2022-02-06 17:09:45,broken clouds
196,Georgetown,5.4112,100.3354,78.73,94,40,1.14,MY,2022-02-06 17:09:27,scattered clouds
197,Sorland,67.667,12.6934,35.46,62,100,17.63,NO,2022-02-06 17:12:15,overcast clouds
198,West Bay,19.3667,-81.4167,83.07,65,20,1.99,KY,2022-02-06 17:12:15,few clouds
199,Kaitangata,-46.2817,169.8464,45.93,85,5,2.48,NZ,2022-02-06 17:12:15,clear sky
200,Dondaicha,21.3333,74.5667,75.49,21,4,5.3,IN,2022-02-06 17:12:16,clear sky
201,Arman,59.7,150.1667,-1.34,72,22,11.27,RU,2022-02-06 17:12:16,few clouds
202,Fort Nelson,58.8053,-122.7002,16.27,93,45,0.85,CA,2022-02-06 17:12:17,scattered clouds
203,Balkanabat,39.5108,54.3671,40.57,60,73,2.21,TM,2022-02-06 17:09:11,broken clouds
204,Sao Jose Da Coroa Grande,-8.8978,-35.1478,85.84,56,85,11.43,BR,2022-02-06 17:12:17,overcast clouds
205,Nemuro,43.3236,145.575,22.84,74,60,18.48,JP,2022-02-06 17:12:17,broken clouds
206,Karpathos,35.507,27.2132,57.16,67,20,10.36,GR,2022-02-06 17:12:18,few clouds
207,Pacific Grove,36.6177,-121.9166,58.44,65,0,1.01,US,2022-02-06 17:12:18,clear sky
208,Los Llanos De Aridane,28.6585,-17.9182,66.13,65,20,18.99,ES,2022-02-06 17:12:18,few clouds
209,Thinadhoo,0.5333,72.9333,82.76,69,7,11.14,MV,2022-02-06 17:12:19,clear sky
210,Gwadar,25.1216,62.3254,72.19,82,0,11.48,PK,2022-02-06 17:12:19,clear sky
211,Jacmel,18.2342,-72.5347,85.84,54,0,6.58,HT,2022-02-06 17:12:20,clear sky
212,Rabo De Peixe,37.8,-25.5833,63.28,90,75,16.11,PT,2022-02-06 17:12:20,broken clouds
213,Laibin,23.7,109.2667,51.03,90,100,4.83,CN,2022-02-06 17:12:20,overcast clouds
214,Luau,-10.7073,22.2247,67.75,83,84,5.1,AO,2022-02-06 17:12:21,broken clouds
215,Glenluce,54.8798,-4.8084,41.29,69,85,33.2,GB,2022-02-06 17:12:21,overcast clouds
216,Necochea,-38.5473,-58.7368,63.03,74,95,19.86,AR,2022-02-06 17:10:14,overcast clouds
217,Pokaran,26.9167,71.9167,68.97,29,0,8.03,IN,2022-02-06 17:12:22,clear sky
218,Zhengjiatun,43.5064,123.5064,4.8,83,5,7.07,CN,2022-02-06 17:12:22,clear sky
219,Porbandar,21.6422,69.6093,68.76,64,14,8.52,IN,2022-02-06 17:12:22,few clouds
220,Adrar,20.5022,-10.0711,83.46,6,0,8.79,MR,2022-02-06 17:12:23,clear sky
221,Boda,4.3189,17.4695,85.37,19,54,3.96,CF,2022-02-06 17:12:23,broken clouds
222,Thompson,55.7435,-97.8558,-12.42,90,17,4.18,CA,2022-02-06 17:09:49,few clouds
223,Flin Flon,54.7682,-101.865,-6.29,95,88,8.08,CA,2022-02-06 17:12:24,overcast clouds
224,San Quintin,30.4833,-115.95,60.62,32,1,0.58,MX,2022-02-06 17:12:24,clear sky
225,Phaltan,17.9833,74.4333,71.6,41,98,6.76,IN,2022-02-06 17:12:24,overcast clouds
226,Chapais,49.7834,-74.8492,2.98,93,100,11.43,CA,2022-02-06 17:12:25,light snow
227,Nouadhibou,20.931,-17.0347,65.88,78,5,18.01,MR,2022-02-06 17:10:13,clear sky
228,Vanimo,-2.6741,141.3028,77.97,87,86,4.74,PG,2022-02-06 17:12:25,overcast clouds
229,Liverpool,53.4106,-2.9779,45.63,75,40,17.0,GB,2022-02-06 17:12:25,scattered clouds
230,Sal Rei,16.1833,-22.9167,75.4,69,40,17.27,CV,2022-02-06 17:12:26,scattered clouds
231,Dunmore East,52.1514,-6.9861,48.33,74,75,12.66,IE,2022-02-06 17:13:26,broken clouds
232,Mponela,-13.5319,33.7401,63.37,96,94,3.15,MW,2022-02-06 17:13:26,light rain
233,Piracanjuba,-17.3028,-49.0167,81.9,61,91,7.7,BR,2022-02-06 17:13:27,overcast clouds
234,Tiarei,-17.5333,-149.3333,80.62,75,31,23.0,PF,2022-02-06 17:13:27,light rain
235,Olafsvik,64.8945,-23.7142,28.58,71,83,16.11,IS,2022-02-06 17:13:27,broken clouds
236,Rovaniemi,66.5,25.7167,22.41,86,100,14.97,FI,2022-02-06 17:10:22,overcast clouds
237,Venado Tuerto,-33.7456,-61.9688,74.79,34,0,12.82,AR,2022-02-06 17:13:28,clear sky
238,Uusikaupunki,60.8004,21.4084,32.52,94,64,9.08,FI,2022-02-06 17:13:28,broken clouds
239,Tiksi,71.6872,128.8694,-17.07,99,100,3.56,RU,2022-02-06 17:13:29,overcast clouds
240,Saint Anthony,45.0205,-93.218,23.67,83,100,5.99,US,2022-02-06 17:13:29,overcast clouds
241,Port Hedland,-20.3167,118.5667,84.25,84,40,6.91,AU,2022-02-06 17:13:30,scattered clouds
242,Smolensk,55.0,33.0,29.34,93,97,9.37,RU,2022-02-06 17:13:30,overcast clouds
243,Udachnyy,66.4167,112.4,-12.15,99,99,3.27,RU,2022-02-06 17:13:30,overcast clouds
244,Daru,-9.0763,143.2092,79.21,84,99,4.83,PG,2022-02-06 17:13:31,overcast clouds
245,Kidal,18.4411,1.4078,78.64,8,0,11.32,ML,2022-02-06 17:13:31,clear sky
246,San Juan,-31.5375,-68.5364,78.69,32,0,7.72,AR,2022-02-06 17:10:46,clear sky
247,Martil,35.6166,-5.2752,62.67,83,54,15.41,MA,2022-02-06 17:13:31,broken clouds
248,Najran,17.4924,44.1277,64.67,34,4,7.4,SA,2022-02-06 17:13:32,clear sky
249,Bereznik,62.8551,42.7072,13.28,96,99,6.6,RU,2022-02-06 17:13:32,overcast clouds
250,Kishi,9.0833,3.85,93.43,11,0,4.65,NG,2022-02-06 17:13:32,clear sky
251,Bilibino,68.0546,166.4372,-17.88,78,14,4.45,RU,2022-02-06 17:13:33,few clouds
252,Rocha,-34.4833,-54.3333,73.33,40,71,17.43,UY,2022-02-06 17:08:40,broken clouds
253,West Odessa,31.8424,-102.4988,48.92,38,0,16.11,US,2022-02-06 17:13:34,clear sky
254,Coquimbo,-29.9533,-71.3436,67.73,72,20,12.66,CL,2022-02-06 17:13:34,few clouds
255,Kupino,54.3663,77.2981,4.96,80,53,8.93,RU,2022-02-06 17:13:34,broken clouds
256,Mengyin,35.7069,117.9264,31.12,36,87,3.06,CN,2022-02-06 17:13:35,overcast clouds
257,Ritchie,-29.038,24.6028,82.06,34,19,4.56,ZA,2022-02-06 17:13:35,few clouds
258,Nevelsk,46.6733,141.8633,19.92,88,100,17.25,RU,2022-02-06 17:13:35,overcast clouds
259,Sabang,5.8933,95.3214,78.84,85,100,16.8,ID,2022-02-06 17:13:36,overcast clouds
260,Evensk,61.95,159.2333,4.24,61,0,10.87,RU,2022-02-06 17:13:36,clear sky
261,Petropavlovsk-Kamchatskiy,53.0452,158.6483,18.54,78,100,12.3,RU,2022-02-06 17:13:36,overcast clouds
262,Takoradi,4.8845,-1.7554,82.76,71,81,10.58,GH,2022-02-06 17:13:37,broken clouds
263,Airai,-8.9266,125.4092,61.59,92,68,0.96,TL,2022-02-06 17:13:37,broken clouds
264,Golden,39.7555,-105.2211,35.67,55,40,5.01,US,2022-02-06 17:13:37,scattered clouds
265,Severnyy,50.677,36.5532,32.04,86,75,8.95,RU,2022-02-06 17:13:38,light snow
266,Baiyin,36.5583,104.2081,14.47,90,76,2.98,CN,2022-02-06 17:13:38,broken clouds
267,San Policarpo,12.1791,125.5072,79.65,80,24,16.44,PH,2022-02-06 17:13:38,few clouds
268,Dongsheng,39.8161,109.9776,17.06,35,100,4.18,CN,2022-02-06 17:13:39,overcast clouds
269,Emerald,-23.5333,148.1667,72.34,69,32,10.04,AU,2022-02-06 17:13:39,scattered clouds
270,Belem,-1.4558,-48.5044,80.64,78,75,11.5,BR,2022-02-06 17:13:39,broken clouds
271,Angoche,-16.2325,39.9086,78.94,81,88,7.61,MZ,2022-02-06 17:13:40,light rain
272,Rio Grande,-32.035,-52.0986,74.95,58,67,13.89,BR,2022-02-06 17:13:40,broken clouds
273,Mahibadhoo,3.7833,72.9667,82.17,63,16,11.63,MV,2022-02-06 17:13:40,few clouds
274,Caravelas,-17.7125,-39.2481,86.36,56,0,10.92,BR,2022-02-06 17:13:41,clear sky
275,Kiunga,-6.1219,141.2906,72.59,100,100,2.01,PG,2022-02-06 17:13:41,overcast clouds
276,Dauphin,51.1494,-100.0502,-0.26,65,0,5.75,CA,2022-02-06 17:14:42,clear sky
277,Marawi,7.9986,124.2928,66.65,89,77,2.59,PH,2022-02-06 17:14:42,broken clouds
278,Wuxue,29.8506,115.5525,34.25,99,100,4.56,CN,2022-02-06 17:14:42,snow
279,Doha,25.2867,51.5333,62.58,59,0,11.5,QA,2022-02-06 17:11:13,clear sky
280,Puerto Leguizamo,-0.1934,-74.7819,80.37,86,91,2.42,CO,2022-02-06 17:14:43,overcast clouds
281,Leningradskiy,69.3833,178.4167,-22.5,98,14,6.02,RU,2022-02-06 17:14:43,few clouds
282,Rawah,34.4816,41.9093,53.56,48,36,4.79,IQ,2022-02-06 17:14:44,scattered clouds
283,Sorong,-0.8833,131.25,80.76,78,100,13.76,ID,2022-02-06 17:14:44,overcast clouds
284,Nazira,26.9167,94.7333,55.49,78,7,2.73,IN,2022-02-06 17:14:44,clear sky
285,Sakaraha,-22.9,44.5333,72.46,90,100,22.46,MG,2022-02-06 17:14:45,light rain
286,Tanout,14.9709,8.8879,75.2,8,0,12.66,NE,2022-02-06 17:14:45,clear sky
287,Alta Floresta,-9.8756,-56.0861,85.82,74,20,4.61,BR,2022-02-06 17:14:45,few clouds
288,Klyuchevskiy,53.5317,119.4519,-5.57,96,64,2.77,RU,2022-02-06 17:14:46,broken clouds
289,Cardenas,23.0375,-81.2047,83.16,52,6,9.37,CU,2022-02-06 17:14:46,clear sky
290,Kati,12.7441,-8.0726,92.61,5,3,5.3,ML,2022-02-06 17:14:46,clear sky
291,Maroua,10.591,14.3159,82.6,13,0,7.11,CM,2022-02-06 17:14:47,clear sky
292,Aksay,47.26,39.87,29.88,99,100,5.01,RU,2022-02-06 17:14:47,overcast clouds
293,Wajir,1.7471,40.0573,89.46,24,18,5.06,KE,2022-02-06 17:14:48,few clouds
294,Sao Felix Do Xingu,-6.6447,-51.995,87.17,62,98,3.87,BR,2022-02-06 17:14:48,overcast clouds
295,Port Blair,11.6667,92.75,80.64,83,20,8.05,IN,2022-02-06 17:14:48,mist
296,Pertuis,43.6925,5.5028,51.44,56,81,8.63,FR,2022-02-06 17:14:49,broken clouds
297,Keuruu,62.2667,24.7,32.18,93,100,10.18,FI,2022-02-06 17:14:49,overcast clouds
298,Witu,-2.3889,40.4382,80.76,81,98,10.85,KE,2022-02-06 17:14:49,overcast clouds
299,Susanville,40.4163,-120.653,40.08,69,0,0.0,US,2022-02-06 17:13:46,clear sky
300,Razdolnoye,43.55,131.9167,-3.59,87,47,1.88,RU,2022-02-06 17:14:50,scattered clouds
301,Camp Verde,34.5636,-111.8543,55.89,20,0,8.75,US,2022-02-06 17:14:14,clear sky
302,Oussouye,12.485,-16.5469,100.58,30,3,11.07,SN,2022-02-06 17:14:50,clear sky
303,Joao Camara,-5.5375,-35.8197,88.84,35,7,10.96,BR,2022-02-06 17:14:51,clear sky
304,Paamiut,61.994,-49.6678,4.87,75,100,9.19,GL,2022-02-06 17:14:51,overcast clouds
305,Tura,25.5198,90.2201,53.37,78,25,3.31,IN,2022-02-06 17:14:52,scattered clouds
306,Neryungri,56.6709,124.6491,-27.85,98,63,1.66,RU,2022-02-06 17:14:52,broken clouds
307,Khorramabad,33.4878,48.3558,40.62,52,0,2.3,IR,2022-02-06 17:14:52,clear sky
308,Bagacay,12.9821,124.1415,78.84,82,58,15.23,PH,2022-02-06 17:14:53,broken clouds
309,Urumqi,43.801,87.6005,0.55,85,6,2.24,CN,2022-02-06 17:10:03,mist
310,Igurusi,-8.85,33.85,64.53,94,100,3.44,TZ,2022-02-06 17:14:53,overcast clouds
311,Koubia,11.5833,-11.9,92.35,7,11,5.21,GN,2022-02-06 17:14:54,few clouds
312,Dvinskoy,62.1535,45.1175,16.75,96,99,5.68,RU,2022-02-06 17:14:54,light snow
313,Derzhavinsk,51.1,66.3167,15.35,82,94,12.71,KZ,2022-02-06 17:14:54,overcast clouds
314,Okhotsk,59.3833,143.3,-2.61,68,16,14.09,RU,2022-02-06 17:10:29,few clouds
315,Maceio,-9.6658,-35.7353,89.04,51,20,16.11,BR,2022-02-06 17:14:55,few clouds
316,Mattru,7.6244,-11.8332,95.56,32,3,5.82,SL,2022-02-06 17:14:55,clear sky
317,Esmeraldas,-19.7625,-44.3139,76.24,91,100,4.29,BR,2022-02-06 17:14:56,overcast clouds
318,Tianmen,30.6516,113.1603,33.85,99,100,8.99,CN,2022-02-06 17:14:56,light snow
319,Laguna,38.421,-121.4238,57.88,77,0,1.01,US,2022-02-06 17:14:56,clear sky
320,Berasia,23.6333,77.4333,62.02,28,0,2.84,IN,2022-02-06 17:14:57,clear sky
321,Chopovychi,50.8332,28.9533,30.43,91,95,12.03,UA,2022-02-06 17:14:57,overcast clouds
322,Muros,42.7762,-9.0603,58.68,59,65,11.41,ES,2022-02-06 17:14:57,broken clouds
323,Poso,-1.3959,120.7524,77.77,81,99,3.56,ID,2022-02-06 17:15:58,overcast clouds
324,Kilindoni,-7.9139,39.6668,81.46,83,100,11.52,TZ,2022-02-06 17:15:58,overcast clouds
325,Karpogory,64.0019,44.4451,17.06,94,100,8.5,RU,2022-02-06 17:15:59,light snow
326,San Francisco,37.7749,-122.4194,56.32,82,20,1.01,US,2022-02-06 17:15:59,few clouds
327,Kungurtug,50.5994,97.5228,-10.19,97,36,1.66,RU,2022-02-06 17:15:59,scattered clouds
328,Wasilla,61.5814,-149.4394,24.94,86,0,0.0,US,2022-02-06 17:15:44,clear sky
329,Meulaboh,4.1363,96.1285,77.04,90,92,8.75,ID,2022-02-06 17:12:31,overcast clouds
330,Gouyave,12.1646,-61.7296,84.97,66,75,18.41,GD,2022-02-06 17:16:00,broken clouds
331,Sao Gabriel Da Cachoeira,-0.1303,-67.0892,84.0,74,40,5.75,BR,2022-02-06 17:16:00,scattered clouds
332,Honningsvag,70.9821,25.9704,29.95,74,75,25.32,NO,2022-02-06 17:16:01,broken clouds
333,Nanortalik,60.1432,-45.2371,13.73,72,100,18.48,GL,2022-02-06 17:16:01,overcast clouds
334,Blenheim,-41.516,173.9528,56.52,75,98,12.68,NZ,2022-02-06 17:16:02,overcast clouds
335,Mount Isa,-20.7333,139.5,74.97,73,100,9.22,AU,2022-02-06 17:16:02,overcast clouds
336,Sao Miguel Do Araguaia,-13.275,-50.1628,78.6,85,100,3.69,BR,2022-02-06 17:16:02,overcast clouds
337,Koumac,-20.5667,164.2833,78.08,86,98,5.91,NC,2022-02-06 17:16:03,overcast clouds
338,Dwarka,22.2394,68.9678,70.03,59,18,9.44,IN,2022-02-06 17:16:03,few clouds
339,Preobrazheniye,42.9019,133.9064,10.54,64,1,8.1,RU,2022-02-06 17:16:04,clear sky
340,Fauske,67.2588,15.3918,32.04,77,100,8.48,NO,2022-02-06 17:16:04,overcast clouds
341,Ugoofaaru,5.6667,73.0,81.55,65,95,11.36,MV,2022-02-06 17:16:05,overcast clouds
342,Ponta Do Sol,32.6667,-17.1,65.12,53,11,12.06,PT,2022-02-06 17:16:05,few clouds
343,Noyabrsk,63.1994,75.4507,-12.96,100,66,8.39,RU,2022-02-06 17:16:05,broken clouds
344,Husavik,66.0449,-17.3389,26.51,87,100,11.25,IS,2022-02-06 17:16:06,light snow
345,Arlit,18.7369,7.3853,77.61,6,0,8.43,NE,2022-02-06 17:16:06,clear sky
346,Turukhansk,65.8167,87.9833,-13.5,100,92,3.18,RU,2022-02-06 17:16:06,overcast clouds
347,Terra Nova,-12.3667,-40.6667,81.21,58,100,2.84,BR,2022-02-06 17:11:14,overcast clouds
348,Pangnirtung,66.1451,-65.7125,-31.0,61,40,2.3,CA,2022-02-06 17:16:07,scattered clouds
349,Grand Gaube,-20.0064,57.6608,79.38,79,59,5.01,MU,2022-02-06 17:14:20,broken clouds
350,Zhongshan,21.3226,110.5829,64.22,88,99,21.39,CN,2022-02-06 17:16:07,overcast clouds
351,Chokurdakh,70.6333,147.9167,-39.28,100,99,2.21,RU,2022-02-06 17:16:08,overcast clouds
352,Conde,-7.2597,-34.9075,87.26,55,20,10.36,BR,2022-02-06 17:16:08,few clouds
353,Cartagena Del Chaira,1.3349,-74.8429,82.76,67,91,0.94,CO,2022-02-06 17:16:09,overcast clouds
354,Ust-Tsilma,65.441,52.1498,12.83,91,71,9.78,RU,2022-02-06 17:16:09,broken clouds
355,Lompoc,34.6391,-120.4579,71.08,45,0,8.05,US,2022-02-06 17:16:10,clear sky
356,Mnogovershinnyy,53.9353,139.9242,-3.3,89,100,5.03,RU,2022-02-06 17:16:10,overcast clouds
357,Trincomalee,8.5711,81.2335,79.47,67,57,14.41,LK,2022-02-06 17:16:10,broken clouds
358,Hof,50.3167,11.9167,39.45,93,75,24.16,DE,2022-02-06 17:16:11,heavy intensity rain
359,Talnakh,69.4865,88.3972,-27.08,98,56,1.43,RU,2022-02-06 17:16:11,broken clouds
360,Lodwar,3.1191,35.5973,92.52,19,63,5.97,KE,2022-02-06 17:16:11,broken clouds
361,Matay,28.419,30.7792,58.75,40,0,7.56,EG,2022-02-06 17:16:12,clear sky
362,Kysyl-Syr,63.8986,122.7617,-23.15,100,96,6.42,RU,2022-02-06 17:16:12,overcast clouds
363,Copala,16.65,-98.9833,83.52,46,3,4.88,MX,2022-02-06 17:16:12,clear sky
364,Tanete,-3.9443,119.7848,75.31,95,100,1.88,ID,2022-02-06 17:16:13,overcast clouds
365,Sungaipenuh,-2.0833,101.3833,62.87,86,99,1.14,ID,2022-02-06 17:16:13,moderate rain
366,Iqaluit,63.7506,-68.5145,-32.31,66,20,4.0,CA,2022-02-06 17:15:09,few clouds
367,Vagur,61.4732,-6.8119,39.02,57,56,31.65,FO,2022-02-06 17:16:14,broken clouds
368,Lashio,22.9333,97.75,46.9,71,0,2.1,MM,2022-02-06 17:16:14,clear sky
369,Vasilsursk,56.1275,46.0072,-1.79,100,69,3.15,RU,2022-02-06 17:17:15,broken clouds
370,Shumyachi,53.8583,32.4242,29.84,92,100,9.66,RU,2022-02-06 17:17:15,overcast clouds
371,Soyo,-6.1349,12.3689,79.68,78,30,11.63,AO,2022-02-06 17:17:15,light rain
372,Duiwelskloof,-23.6934,30.14,70.38,66,64,7.92,ZA,2022-02-06 17:17:16,broken clouds
373,Champerico,14.3,-91.9167,90.36,59,12,6.82,GT,2022-02-06 17:15:34,few clouds
374,Zhezkazgan,47.8043,67.7144,27.21,97,100,14.38,KZ,2022-02-06 17:17:17,snow
375,Kismayo,-0.3582,42.5454,78.37,82,55,14.88,SO,2022-02-06 17:17:18,broken clouds
376,Astoria,46.1879,-123.8313,45.86,91,0,11.01,US,2022-02-06 17:17:18,clear sky
377,Bonthe,7.5264,-12.505,85.32,62,5,13.98,SL,2022-02-06 17:14:03,clear sky
378,Guerrero Negro,27.9769,-114.0611,61.84,33,0,3.13,MX,2022-02-06 17:17:19,clear sky
379,Kashin,57.3592,37.6081,16.93,97,98,6.22,RU,2022-02-06 17:17:20,overcast clouds
380,Cloquet,46.7216,-92.4594,15.87,76,99,5.99,US,2022-02-06 17:17:20,overcast clouds
381,Mariental,-24.6333,17.9667,87.91,28,99,11.34,NA,2022-02-06 17:17:20,overcast clouds
382,Avera,33.194,-82.5271,48.9,47,61,11.32,US,2022-02-06 17:17:21,broken clouds
383,Dalian,38.9122,121.6022,19.33,73,0,0.0,CN,2022-02-06 17:17:21,clear sky
384,Ketchikan,55.3422,-131.6461,45.07,100,100,17.27,US,2022-02-06 17:17:21,light rain
385,Parana,-31.732,-60.5238,76.55,39,0,11.32,AR,2022-02-06 17:17:22,clear sky
386,Atar,20.5169,-13.0499,91.49,6,0,6.93,MR,2022-02-06 17:17:22,clear sky
387,Synya,65.3718,58.0387,-7.24,100,67,3.15,RU,2022-02-06 17:17:23,broken clouds
388,Kristiansund,63.1115,7.732,38.05,75,75,20.71,NO,2022-02-06 17:17:23,broken clouds
389,Magistralnyy,56.1725,107.4458,5.74,96,92,3.67,RU,2022-02-06 17:17:24,overcast clouds
390,Ostrovnoy,68.0531,39.5131,14.68,85,100,22.1,RU,2022-02-06 17:16:38,overcast clouds
391,Punta Alta,-38.8759,-62.0736,68.45,59,35,13.24,AR,2022-02-06 17:17:24,scattered clouds
392,Cobija,-11.0267,-68.7692,77.2,83,100,1.57,BO,2022-02-06 17:17:24,overcast clouds
393,Firozpur,30.9167,74.6,53.82,72,4,7.25,IN,2022-02-06 17:17:25,clear sky
394,Krapivinskiy,54.9992,86.8133,0.48,99,98,0.94,RU,2022-02-06 17:17:25,overcast clouds
395,Windhoek,-22.5594,17.0832,65.1,91,100,4.61,NA,2022-02-06 17:17:26,overcast clouds
396,Jaslo,49.7451,21.4725,41.38,74,100,13.89,PL,2022-02-06 17:17:26,overcast clouds
397,Ranong,9.9658,98.6348,75.52,89,37,4.25,TH,2022-02-06 17:17:26,scattered clouds
398,Hirara,24.8,125.2833,64.13,66,93,16.4,JP,2022-02-06 17:17:27,overcast clouds
399,Kalemie,-5.9475,29.1947,71.17,87,81,2.59,CD,2022-02-06 17:17:27,light rain
400,Ribeira Grande,38.5167,-28.7,63.0,82,40,11.5,PT,2022-02-06 17:17:27,scattered clouds
401,Assiniboia,49.6334,-105.9845,24.62,68,31,12.66,CA,2022-02-06 17:17:28,scattered clouds
402,Quatre Cocos,-20.2078,57.7625,79.09,82,51,11.61,MU,2022-02-06 17:17:28,broken clouds
403,Nome,64.5011,-165.4064,-0.33,50,0,13.8,US,2022-02-06 17:17:05,clear sky
404,Tevaitoa,-16.7833,-151.5,80.74,75,100,21.41,PF,2022-02-06 17:17:28,light rain
405,Yumen,40.2833,97.2,13.6,82,7,14.9,CN,2022-02-06 17:16:44,clear sky
406,Boddam,57.4667,-1.7833,39.7,63,44,30.02,GB,2022-02-06 17:14:13,scattered clouds
407,Bengkulu,-3.8004,102.2655,76.24,85,98,6.67,ID,2022-02-06 17:14:19,light rain
408,Madarounfa,13.3087,7.156,82.74,10,0,10.6,NE,2022-02-06 17:17:29,clear sky
409,Benghazi,32.1167,20.0667,61.84,63,32,5.1,LY,2022-02-06 17:17:29,scattered clouds
410,Forio,40.7342,13.8646,57.25,87,57,9.84,IT,2022-02-06 17:17:30,broken clouds
411,Guozhen,34.3659,107.359,29.3,89,95,2.17,CN,2022-02-06 17:17:30,light snow
412,Kihei,20.785,-156.4656,73.85,79,20,11.5,US,2022-02-06 17:17:31,few clouds
413,Narsaq,60.9167,-46.05,8.82,58,100,3.06,GL,2022-02-06 17:17:31,overcast clouds
414,Baijiantan,45.6333,85.1833,5.13,84,4,3.47,CN,2022-02-06 17:17:31,clear sky
415,Salym,60.0625,71.4789,13.77,95,99,6.64,RU,2022-02-06 17:17:32,overcast clouds
416,Rehoboth,-23.3167,17.0833,78.85,43,93,10.07,NA,2022-02-06 17:18:32,overcast clouds
417,Yerbogachen,61.2767,108.0108,-15.66,100,92,2.33,RU,2022-02-06 17:18:32,overcast clouds
418,Margate,51.3813,1.3862,50.31,72,74,11.01,GB,2022-02-06 17:16:23,broken clouds
419,Grindavik,63.8424,-22.4338,27.07,80,75,9.22,IS,2022-02-06 17:18:33,broken clouds
420,Riyadh,24.6877,46.7219,57.34,34,0,9.66,SA,2022-02-06 17:16:04,clear sky
421,Malakal,9.5334,31.6605,78.39,15,59,6.46,SS,2022-02-06 17:18:33,broken clouds
422,Eyl,7.9803,49.8164,75.24,71,93,16.04,SO,2022-02-06 17:14:45,overcast clouds
423,Aklavik,68.2191,-135.0107,-15.88,76,75,14.97,CA,2022-02-06 17:18:34,broken clouds
424,Port Keats,-14.25,129.55,79.05,84,92,3.53,AU,2022-02-06 17:18:34,overcast clouds
425,Mannarakkat,10.9833,76.4667,81.95,86,54,2.39,IN,2022-02-06 17:18:34,broken clouds
426,Saldanha,-33.0117,17.9442,66.29,92,43,11.32,ZA,2022-02-06 17:18:35,scattered clouds
427,Torit,4.4133,32.5678,85.55,20,96,4.03,SS,2022-02-06 17:18:35,overcast clouds
428,Okato,-39.2,173.8833,62.91,79,99,13.51,NZ,2022-02-06 17:18:35,overcast clouds
429,Natal,-5.795,-35.2094,90.25,62,20,13.8,BR,2022-02-06 17:15:46,few clouds
430,Alexandria,31.2156,29.9553,58.5,58,0,6.93,EG,2022-02-06 17:18:36,clear sky
431,Union City,37.5958,-122.0192,57.34,68,0,3.0,US,2022-02-06 17:18:36,clear sky
432,Ahipara,-35.1667,173.1667,72.09,98,100,8.12,NZ,2022-02-06 17:18:37,overcast clouds
433,Sitka,57.0531,-135.33,44.49,81,100,19.57,US,2022-02-06 17:18:37,light rain
434,Goderich,43.7501,-81.7165,25.92,74,99,18.41,CA,2022-02-06 17:18:37,overcast clouds
435,Roros,62.5747,11.3842,24.64,63,100,10.36,NO,2022-02-06 17:18:38,light snow
436,Mareeba,-17.0,145.4333,70.45,93,21,2.17,AU,2022-02-06 17:18:38,few clouds
437,Kirakira,-10.4544,161.9205,80.89,86,100,6.93,SB,2022-02-06 17:18:38,overcast clouds
438,Baykit,61.67,96.37,-8.41,100,94,2.46,RU,2022-02-06 17:18:39,overcast clouds
439,Parabel,58.6978,81.4825,11.39,95,100,5.21,RU,2022-02-06 17:18:39,overcast clouds
440,Hami,42.8,93.45,27.52,29,73,15.82,CN,2022-02-06 17:18:39,broken clouds
441,Conceicao Do Araguaia,-8.2578,-49.2647,87.03,62,71,4.07,BR,2022-02-06 17:18:40,broken clouds
442,Eatonton,33.3268,-83.3885,47.57,47,14,10.0,US,2022-02-06 17:18:40,few clouds
443,Beidao,34.5686,105.8933,20.73,86,46,1.16,CN,2022-02-06 17:15:27,scattered clouds
444,Grafton,42.207,-71.6856,26.96,61,0,1.99,US,2022-02-06 17:18:41,clear sky
445,Moose Factory,51.2585,-80.6094,4.98,78,100,9.22,CA,2022-02-06 17:18:41,overcast clouds
446,Maldonado,-34.6667,-54.9167,68.23,47,47,19.3,UY,2022-02-06 17:18:41,scattered clouds
447,Policoro,40.2115,16.6726,56.82,73,55,6.64,IT,2022-02-06 17:18:42,broken clouds
448,Lorengau,-2.0226,147.2712,81.52,79,97,6.11,PG,2022-02-06 17:18:42,overcast clouds
449,Erzin,36.9559,36.2,48.92,81,61,1.81,TR,2022-02-06 17:18:43,broken clouds
450,Juarez,31.7333,-106.4833,45.86,37,0,8.01,MX,2022-02-06 17:17:12,clear sky
451,Yarega,63.4354,53.5765,12.94,92,97,9.17,RU,2022-02-06 17:18:43,overcast clouds
452,Dawson,31.7735,-84.4466,53.02,63,84,12.03,US,2022-02-06 17:18:43,broken clouds
453,Sakakah,29.9697,40.2064,53.17,47,4,8.84,SA,2022-02-06 17:18:44,clear sky
454,Middlesbrough,54.5762,-1.2348,39.47,77,40,8.01,GB,2022-02-06 17:18:44,scattered clouds
455,Umba,66.6871,34.3429,13.98,94,100,14.14,RU,2022-02-06 17:18:44,light snow
456,Wanning,18.8003,110.3967,69.82,89,99,7.34,CN,2022-02-06 17:18:45,overcast clouds
457,Aksha,50.2814,113.2867,2.5,96,39,4.74,RU,2022-02-06 17:18:45,scattered clouds
458,Katherine,-14.4667,132.2667,75.52,100,100,2.3,AU,2022-02-06 17:18:45,overcast clouds
459,Jackson,42.4165,-122.8345,30.07,86,0,0.0,US,2022-02-06 17:15:26,clear sky
460,Port-Gentil,-0.7193,8.7815,80.62,76,6,9.15,GA,2022-02-06 17:18:46,clear sky
461,Chiang Khong,20.2613,100.4046,64.72,99,96,1.83,TH,2022-02-06 17:18:46,overcast clouds
462,Sao Filipe,14.8961,-24.4956,75.13,68,0,10.58,CV,2022-02-06 17:18:47,clear sky
463,Yar-Sale,66.8333,70.8333,-14.48,100,68,6.35,RU,2022-02-06 17:18:47,broken clouds
464,Srandakan,-7.9386,110.2506,76.51,93,100,2.66,ID,2022-02-06 17:18:47,overcast clouds
465,Trapani,37.8333,12.6667,55.58,88,40,9.22,IT,2022-02-06 17:18:48,scattered clouds
466,Holme,56.1138,10.1725,35.19,88,99,10.25,DK,2022-02-06 17:19:48,snow
467,Xaxim,-26.9617,-52.5347,80.98,32,13,8.1,BR,2022-02-06 17:19:48,few clouds
468,Prescott,34.54,-112.4685,51.69,27,0,4.0,US,2022-02-06 17:15:24,clear sky
469,Khambhat,22.3,72.6167,70.0,34,2,3.11,IN,2022-02-06 17:19:49,clear sky
470,Chimbote,-9.0853,-78.5783,74.61,71,97,9.84,PE,2022-02-06 17:19:49,overcast clouds
471,Zhangye,38.9342,100.4517,14.34,88,60,3.71,CN,2022-02-06 17:19:49,broken clouds
472,Mezen,65.8522,44.24,15.62,93,100,11.63,RU,2022-02-06 17:19:50,overcast clouds
473,Qaqortoq,60.7167,-46.0333,9.1,59,100,6.53,GL,2022-02-06 17:19:50,overcast clouds
474,Mehamn,71.0357,27.8492,30.38,80,0,34.52,NO,2022-02-06 17:19:51,clear sky
475,Asau,46.4333,26.4,40.95,52,100,6.2,RO,2022-02-06 17:19:51,overcast clouds
476,Bratsk,56.1325,101.6142,12.69,97,100,2.89,RU,2022-02-06 17:19:51,overcast clouds
477,Sao Jose Dos Campos,-23.1794,-45.8869,84.69,51,40,11.5,BR,2022-02-06 17:17:35,scattered clouds
478,Nishihara,26.1842,127.7558,58.28,58,100,10.36,JP,2022-02-06 17:19:52,overcast clouds
479,Chippewa Falls,44.9369,-91.3929,25.18,85,100,3.44,US,2022-02-06 17:19:53,light snow
480,Ancud,-41.8697,-73.8203,78.22,69,10,6.53,CL,2022-02-06 17:16:45,clear sky
481,Emba,48.8264,58.1442,18.07,95,100,12.62,KZ,2022-02-06 17:19:53,light snow
482,Wilmington,34.2257,-77.9447,49.86,57,0,10.36,US,2022-02-06 17:15:04,clear sky
483,Elko,41.0002,-115.5012,33.06,77,4,1.99,US,2022-02-06 17:19:54,clear sky
484,Fortuna,40.5982,-124.1573,46.74,87,0,5.75,US,2022-02-06 17:19:54,clear sky
485,Vila Do Maio,15.1333,-23.2167,81.39,78,0,13.69,CV,2022-02-06 17:19:54,clear sky
486,Pontianak,-0.0333,109.3333,73.38,100,100,10.36,ID,2022-02-06 17:19:55,overcast clouds
487,Puerto Colombia,10.9878,-74.9547,89.69,65,1,19.04,CO,2022-02-06 17:19:55,clear sky
488,Bondo,3.8146,23.6866,80.08,26,100,3.24,CD,2022-02-06 17:19:56,overcast clouds
489,Half Moon Bay,37.4636,-122.4286,57.74,78,0,1.99,US,2022-02-06 17:17:26,clear sky
490,Palauig,15.435,119.9045,77.41,73,22,5.86,PH,2022-02-06 17:19:56,few clouds
491,Axim,4.8699,-2.2405,81.84,71,92,10.71,GH,2022-02-06 17:19:56,overcast clouds
492,Chernomorskiy,44.8506,38.4936,33.31,73,100,7.78,RU,2022-02-06 17:19:57,overcast clouds
493,Fecamp,49.7579,0.3746,52.7,85,98,31.07,FR,2022-02-06 17:19:57,overcast clouds
494,Saint-Pierre,-21.3393,55.4781,80.24,78,0,4.61,RE,2022-02-06 17:19:57,clear sky
495,Ungheni,47.2042,27.7958,43.83,46,0,4.61,MD,2022-02-06 17:19:58,clear sky
496,San Jose,37.3394,-121.895,58.12,68,20,3.44,US,2022-02-06 17:16:31,few clouds
497,Manzanillo,20.3433,-77.1167,86.14,38,2,10.69,CU,2022-02-06 17:19:58,clear sky
498,Moree,-29.4667,149.85,59.02,72,3,6.91,AU,2022-02-06 17:19:58,clear sky
499,Chirongui,-12.9319,45.1483,82.33,71,83,6.53,YT,2022-02-06 17:19:59,broken clouds
500,Killybegs,54.6333,-8.45,44.31,70,100,25.72,IE,2022-02-06 17:19:59,overcast clouds
501,Matagami,49.7502,-77.6328,10.51,72,100,14.97,CA,2022-02-06 17:20:00,light snow
502,Montepuez,-13.1256,38.9997,70.0,93,33,1.39,MZ,2022-02-06 17:20:00,moderate rain
503,Custodia,-8.0875,-37.6431,96.75,22,3,2.24,BR,2022-02-06 17:20:01,clear sky
504,Mashpee,41.6484,-70.4811,30.9,64,0,5.75,US,2022-02-06 17:18:03,clear sky
505,Zholymbet,51.7433,71.7122,2.73,80,9,5.99,KZ,2022-02-06 17:20:01,clear sky
506,Tadine,-21.55,167.8833,79.12,85,71,6.22,NC,2022-02-06 17:20:02,broken clouds
507,Negara,-8.3151,114.6025,76.96,90,98,2.17,ID,2022-02-06 17:20:02,light rain
508,Marrakesh,31.6315,-8.0083,75.27,33,42,5.75,MA,2022-02-06 17:15:11,scattered clouds
509,Bloemfontein,-29.1211,26.214,67.48,68,40,12.66,ZA,2022-02-06 17:20:03,thunderstorm
510,Iquique,-20.2208,-70.1431,73.44,66,4,6.44,CL,2022-02-06 17:20:03,clear sky
511,Elizabeth City,36.2946,-76.2511,41.02,79,100,1.01,US,2022-02-06 17:17:50,overcast clouds
512,Marystown,47.1666,-55.1483,23.86,100,100,1.99,CA,2022-02-06 17:21:03,overcast clouds
513,Hovd,48.0056,91.6419,-12.96,77,10,3.29,MN,2022-02-06 17:21:04,clear sky
514,Nysa,50.4738,17.3344,39.9,79,100,20.8,PL,2022-02-06 17:21:04,overcast clouds
515,Oneonta,42.4529,-75.0638,27.28,75,32,11.3,US,2022-02-06 17:21:05,scattered clouds
516,Lamu,-2.2717,40.902,80.82,86,58,13.87,KE,2022-02-06 17:21:05,broken clouds
517,Oranjestad,12.524,-70.027,78.93,76,3,15.26,AW,2022-02-06 17:21:05,clear sky
518,Tiznit,29.5833,-9.5,71.28,22,12,8.14,MA,2022-02-06 17:21:06,few clouds
519,Goba,7.0167,39.9833,53.91,32,100,4.52,ET,2022-02-06 17:21:06,overcast clouds
520,Dunedin,-45.8742,170.5036,50.81,80,24,1.99,NZ,2022-02-06 17:21:06,few clouds
521,Biltine,14.5333,20.9167,74.43,10,79,12.84,TD,2022-02-06 17:21:07,broken clouds
522,Cabra,37.4725,-4.4421,62.04,60,56,3.67,ES,2022-02-06 17:21:07,broken clouds
523,Jaisinghnagar,23.7,81.3833,58.23,34,0,2.21,IN,2022-02-06 17:21:07,clear sky
524,Banjar,-8.19,114.9675,78.66,93,99,3.02,ID,2022-02-06 17:21:08,overcast clouds
525,Akdepe,42.0551,59.3788,32.0,58,70,7.81,TM,2022-02-06 17:21:08,broken clouds
526,Svetlogorsk,52.6333,29.7333,32.27,91,100,12.41,BY,2022-02-06 17:21:08,overcast clouds
527,Luanda,-8.8368,13.2343,78.67,72,62,16.44,AO,2022-02-06 17:21:09,broken clouds
528,Lagoa,39.05,-27.9833,60.57,82,2,11.07,PT,2022-02-06 17:16:38,clear sky
529,Ecoporanga,-18.3733,-40.8306,85.01,59,47,8.41,BR,2022-02-06 17:21:09,scattered clouds
530,Honiara,-9.4333,159.95,78.58,89,99,2.04,SB,2022-02-06 17:21:09,overcast clouds
531,Shingu,33.7333,135.9833,39.9,71,7,6.82,JP,2022-02-06 17:21:10,clear sky
532,Sindor,62.8629,51.8905,15.33,92,99,8.72,RU,2022-02-06 17:21:10,overcast clouds
533,Krasnogvardeyskiy,57.3793,62.3195,10.36,96,100,4.12,RU,2022-02-06 17:21:11,overcast clouds
534,Sault Sainte Marie,46.5168,-84.3333,23.56,79,100,3.44,CA,2022-02-06 17:17:45,overcast clouds
535,Bardiyah,31.7561,25.0865,60.21,57,1,8.3,LY,2022-02-06 17:21:12,clear sky
536,Korhogo,9.45,-5.6333,95.61,8,7,5.66,CI,2022-02-06 17:21:12,clear sky
537,Ambositra,-20.5167,47.25,62.89,94,92,2.82,MG,2022-02-06 17:21:12,overcast clouds
538,Satka,55.0425,59.04,12.61,92,100,4.36,RU,2022-02-06 17:21:13,overcast clouds
539,Brae,60.3964,-1.353,39.11,59,100,30.4,GB,2022-02-06 17:21:13,overcast clouds
540,Methoni,36.8197,21.7049,58.21,78,46,8.43,GR,2022-02-06 17:21:13,scattered clouds
541,Vila Franca Do Campo,37.7167,-25.4333,64.2,85,75,13.89,PT,2022-02-06 17:21:14,broken clouds
542,Mbekenyera,-10.0,38.9833,73.74,92,87,2.57,TZ,2022-02-06 17:21:14,moderate rain
543,Xining,36.6167,101.7667,10.51,89,10,0.87,CN,2022-02-06 17:16:37,clear sky
544,Tarnogskiy Gorodok,60.4997,43.5761,8.1,98,93,4.61,RU,2022-02-06 17:21:15,overcast clouds
545,Zirandaro,18.45,-100.9833,87.78,30,1,1.25,MX,2022-02-06 17:21:15,clear sky
546,Winslow,35.0242,-110.6974,40.3,27,0,0.0,US,2022-02-06 17:21:16,clear sky
547,Berdigestyakh,62.0989,126.6992,-22.7,100,99,3.91,RU,2022-02-06 17:21:16,overcast clouds
548,Huilong,31.8111,121.655,42.04,62,100,7.85,CN,2022-02-06 17:21:17,light rain
549,Tabuk,17.4189,121.4443,68.94,95,97,1.52,PH,2022-02-06 17:21:17,overcast clouds
550,Benjamin Hill,30.1667,-111.1,59.18,19,1,4.68,MX,2022-02-06 17:21:18,clear sky
551,Krasnoselkup,65.7,82.4667,-19.71,100,59,7.43,RU,2022-02-06 17:17:45,broken clouds
552,Kribi,2.95,9.9167,82.09,75,14,10.69,CM,2022-02-06 17:21:18,few clouds
553,Sri Aman,1.2376,111.4621,75.25,100,100,0.0,MY,2022-02-06 17:21:19,very heavy rain
554,Gerash,27.6652,54.1371,53.74,37,0,6.38,IR,2022-02-06 17:21:19,clear sky
555,Endicott,42.0984,-76.0494,26.91,62,0,8.01,US,2022-02-06 17:16:51,clear sky
556,Tacna,-18.0056,-70.2483,73.6,53,0,6.91,PE,2022-02-06 17:21:20,clear sky
557,Buraydah,26.326,43.975,57.65,34,0,7.43,SA,2022-02-06 17:21:21,clear sky
558,Muroto,33.2833,134.15,40.17,54,4,12.82,JP,2022-02-06 17:22:21,clear sky
559,Sembe,1.6481,14.5806,85.55,23,73,1.43,CG,2022-02-06 17:22:21,broken clouds
560,La Ronge,55.1001,-105.2842,-5.58,77,75,8.05,CA,2022-02-06 17:22:22,broken clouds
561,Krasnogorskoye,52.2953,86.1979,-1.28,99,11,3.29,RU,2022-02-06 17:22:22,few clouds
562,Huanren,41.2647,125.3667,5.11,94,6,1.48,CN,2022-02-06 17:22:22,clear sky
563,Panorama,40.5878,23.0315,48.96,76,20,1.01,GR,2022-02-06 17:22:23,few clouds
564,Itapaci,-14.9508,-49.5494,82.06,71,88,5.08,BR,2022-02-06 17:22:23,overcast clouds
565,Ichinohe,40.2069,141.3017,18.52,88,31,6.87,JP,2022-02-06 17:22:23,scattered clouds
566,Karakol,42.4907,78.3936,18.01,67,100,5.84,KG,2022-02-06 17:22:24,overcast clouds
567,Piranshahr,36.701,45.1413,21.0,91,23,5.44,IR,2022-02-06 17:22:24,few clouds
568,Cayeli,41.0923,40.7292,41.61,92,100,4.81,TR,2022-02-06 17:22:25,light rain
569,Kaeo,-35.1,173.7833,73.33,98,100,5.23,NZ,2022-02-06 17:22:25,overcast clouds
570,Borba,-4.3878,-59.5939,84.09,77,100,3.0,BR,2022-02-06 17:22:25,overcast clouds
571,Isiro,2.7739,27.616,73.26,30,92,2.59,CD,2022-02-06 17:20:10,overcast clouds
572,Liwale,-9.7667,37.9333,72.55,88,97,3.51,TZ,2022-02-06 17:22:26,light rain
573,Luan,46.3592,6.9759,36.55,76,100,1.01,CH,2022-02-06 17:22:26,snow
574,Ponta Delgada,37.7333,-25.6667,64.51,88,75,13.8,PT,2022-02-06 17:22:26,broken clouds
575,Lulea,65.5842,22.1547,26.67,93,100,12.66,SE,2022-02-06 17:22:27,overcast clouds
576,Lagos,6.5833,3.75,88.12,58,17,8.48,NG,2022-02-06 17:19:02,few clouds
577,Salur,18.5333,83.2167,66.9,74,53,1.68,IN,2022-02-06 17:22:27,broken clouds
578,Minot,48.2325,-101.2963,11.39,66,100,10.36,US,2022-02-06 17:22:28,overcast clouds
579,Terney,45.0503,136.6092,5.86,78,18,11.88,RU,2022-02-06 17:22:28,few clouds
580,Moindou,-21.6924,165.677,75.15,90,100,4.12,NC,2022-02-06 17:22:28,overcast clouds
581,Missoula,47.0166,-113.8009,26.53,87,95,3.76,US,2022-02-06 17:22:29,overcast clouds
582,Kununurra,-15.7667,128.7333,75.18,94,75,0.0,AU,2022-02-06 17:22:29,broken clouds
583,Kazanka,47.8462,32.8218,31.46,80,93,7.67,UA,2022-02-06 17:22:29,overcast clouds
584,Sobolevo,54.4299,31.8996,30.11,93,99,12.17,RU,2022-02-06 17:22:30,overcast clouds
585,Sedkyrkeshch,61.75,50.9167,16.07,92,100,8.95,RU,2022-02-06 17:22:30,overcast clouds
586,Manokwari,-0.8667,134.0833,77.58,79,100,3.69,ID,2022-02-06 17:22:30,overcast clouds
587,Los Banos,14.1667,121.1833,77.81,84,93,10.25,PH,2022-02-06 17:22:31,overcast clouds
588,Devonport,-41.1667,146.35,60.01,90,26,6.22,AU,2022-02-06 17:22:31,scattered clouds
589,Fushun,41.8558,123.9233,11.91,65,1,5.44,CN,2022-02-06 17:22:31,clear sky
590,Kologriv,58.8275,44.3178,1.13,100,92,3.2,RU,2022-02-06 17:22:32,overcast clouds
591,Bainbridge,47.6262,-122.5212,43.27,89,40,1.01,US,2022-02-06 17:22:32,scattered clouds
592,Aswan,24.0934,32.907,65.5,25,0,9.22,EG,2022-02-06 17:22:32,clear sky
593,Ayaviri,-14.8864,-70.5889,49.98,72,100,6.6,PE,2022-02-06 17:22:33,light rain
594,Campbell River,50.0163,-125.2446,40.53,100,100,0.0,CA,2022-02-06 17:22:33,mist
595,Mahanje,-9.9333,35.3333,66.22,95,100,0.65,TZ,2022-02-06 17:22:34,light rain
596,Coruripe,-10.1256,-36.1756,86.27,60,11,16.15,BR,2022-02-06 17:21:07,few clouds
597,Saint-Francois,46.4154,3.9054,47.64,66,100,12.66,FR,2022-02-06 17:22:34,overcast clouds
598,Mahon,39.8885,4.2658,50.56,81,20,4.61,ES,2022-02-06 17:22:34,few clouds
599,Cham,49.245,12.6825,40.82,93,100,21.59,DE,2022-02-06 17:22:35,moderate rain
600,Hay River,60.8156,-115.7999,12.18,85,100,10.36,CA,2022-02-06 17:22:35,snow
601,Redmond,47.674,-122.1215,43.52,88,94,1.01,US,2022-02-06 17:22:35,overcast clouds
602,Korla,41.7597,86.1469,24.51,46,9,4.52,CN,2022-02-06 17:23:36,clear sky
603,Havre-Saint-Pierre,50.2334,-63.5986,3.79,46,0,16.11,CA,2022-02-06 17:23:36,clear sky
604,Juneau,58.3019,-134.4197,42.8,90,100,15.01,US,2022-02-06 17:23:37,overcast clouds
605,Wajima,37.4,136.9,33.49,70,98,16.96,JP,2022-02-06 17:23:37,light snow
606,Bellary,15.15,76.9333,77.31,46,44,9.19,IN,2022-02-06 17:23:37,scattered clouds
607,Shenjiamen,29.9576,122.298,41.94,76,97,7.34,CN,2022-02-06 17:23:38,light rain
608,Chateauroux,46.8167,1.7,50.95,93,100,24.16,FR,2022-02-06 17:23:38,overcast clouds
609,Rafraf,37.1904,10.1837,55.71,75,100,16.82,TN,2022-02-06 17:23:38,overcast clouds
610,Soligalich,59.0778,42.2864,7.23,97,59,5.3,RU,2022-02-06 17:23:39,broken clouds
611,Mago,53.2514,140.1822,-1.41,94,100,2.91,RU,2022-02-06 17:23:39,overcast clouds
612,Ishigaki,24.3448,124.1572,65.53,66,99,16.49,JP,2022-02-06 17:23:39,overcast clouds
613,Poum,-20.2333,164.0167,79.52,83,100,10.67,NC,2022-02-06 17:21:20,overcast clouds
614,Gazojak,41.1875,61.4036,35.8,63,69,7.83,TM,2022-02-06 17:23:40,broken clouds
615,Tautira,-17.7333,-149.15,80.62,75,58,22.06,PF,2022-02-06 17:23:40,light rain
616,Irtyshskiy,58.3333,68.1333,12.15,94,100,6.24,RU,2022-02-06 17:23:40,overcast clouds
617,Ginir,7.1333,40.7,62.17,21,64,1.88,ET,2022-02-06 17:21:41,broken clouds
618,Berlevag,70.8578,29.0864,24.8,86,63,21.85,NO,2022-02-06 17:22:04,broken clouds
619,Hambantota,6.1241,81.1185,76.32,74,99,12.8,LK,2022-02-06 17:22:56,overcast clouds
620,Seguela,7.9611,-6.6731,96.46,9,5,3.76,CI,2022-02-06 17:23:41,clear sky
621,Piney Green,34.716,-77.3202,48.92,57,40,11.5,US,2022-02-06 17:23:42,scattered clouds
622,Ballitoville,-29.539,31.2144,76.24,88,75,2.3,ZA,2022-02-06 17:23:42,light rain
623,Ntcheu,-14.8203,34.6359,63.81,95,50,3.31,MW,2022-02-06 17:21:16,scattered clouds
624,Tuscaloosa,33.2098,-87.5692,52.97,55,0,3.44,US,2022-02-06 17:23:43,clear sky
625,Qandala,11.472,49.8728,75.79,67,50,2.39,SO,2022-02-06 17:23:43,scattered clouds
626,Kagoro,9.6,8.3833,86.77,13,11,2.98,NG,2022-02-06 17:23:43,few clouds
627,Amahai,-3.3333,128.9167,78.24,83,88,5.17,ID,2022-02-06 17:23:44,overcast clouds
628,Eureka,40.8021,-124.1637,47.01,50,47,3.94,US,2022-02-06 17:23:44,scattered clouds
629,Hasaki,35.7333,140.8333,25.2,39,0,24.81,JP,2022-02-06 17:23:44,clear sky
630,Mikun,62.3547,50.0771,16.52,93,100,7.47,RU,2022-02-06 17:23:44,overcast clouds
631,Andenes,69.3143,16.1194,31.98,74,20,11.5,NO,2022-02-06 17:23:45,few clouds
632,Westport,41.1415,-73.3579,29.75,62,66,1.01,US,2022-02-06 17:23:45,broken clouds
633,Matamoros,25.5333,-103.25,53.71,38,40,0.0,MX,2022-02-06 17:20:00,scattered clouds
634,At-Bashi,41.1702,75.8106,15.71,96,100,3.04,KG,2022-02-06 17:23:46,light snow
635,Astaneh-Ye Ashrafiyeh,37.2596,49.9444,42.73,81,40,5.95,IR,2022-02-06 17:23:46,scattered clouds
636,Ulaangom,49.9811,92.0667,-25.44,94,90,3.06,MN,2022-02-06 17:23:47,overcast clouds
637,Mirabad,30.4362,61.8383,57.18,26,0,8.79,AF,2022-02-06 17:23:47,clear sky
638,Ayan,56.45,138.1667,-5.49,76,71,10.54,RU,2022-02-06 17:21:28,broken clouds
639,Ongandjera,-17.8833,15.0667,79.79,42,99,5.39,NA,2022-02-06 17:23:48,overcast clouds
640,Portree,57.4129,-6.1942,38.52,70,82,19.64,GB,2022-02-06 17:23:48,broken clouds
641,Pozo Colorado,-23.4923,-58.7972,92.97,27,2,10.92,PY,2022-02-06 17:23:48,clear sky
642,Nabire,-3.3667,135.4833,75.92,92,100,2.82,ID,2022-02-06 17:23:49,light rain
643,Vicente Guerrero,19.1194,-98.1708,61.99,44,1,4.25,MX,2022-02-06 17:23:49,clear sky
644,Crixas,-14.5489,-49.9692,82.0,74,100,5.68,BR,2022-02-06 17:23:49,overcast clouds
645,Toora-Khem,52.4675,96.11,-12.28,99,60,1.07,RU,2022-02-06 17:24:50,broken clouds
646,Anzio,41.4853,12.6179,57.45,78,8,5.39,IT,2022-02-06 17:24:50,clear sky
647,Revda,56.801,59.9303,0.41,97,100,6.24,RU,2022-02-06 17:24:50,overcast clouds
648,Bac Lieu,9.285,105.7244,79.07,76,87,17.76,VN,2022-02-06 17:24:51,overcast clouds
649,Mawlaik,23.6333,94.4167,53.96,55,0,1.5,MM,2022-02-06 17:24:51,clear sky
650,Yaan,7.3833,8.5667,94.46,10,41,3.11,NG,2022-02-06 17:24:51,scattered clouds
651,Janakpur,26.7183,85.9065,56.97,67,0,4.9,NP,2022-02-06 17:24:52,clear sky
652,Turka,49.1541,23.0297,33.26,87,99,20.33,UA,2022-02-06 17:24:52,overcast clouds
653,Calama,-22.4667,-68.9333,75.69,9,20,17.27,CL,2022-02-06 17:24:52,few clouds
654,Faya,18.3851,42.4509,55.51,70,5,4.29,SA,2022-02-06 17:24:53,clear sky
655,Ekuvukeni,-28.4675,30.1551,64.58,91,52,4.61,ZA,2022-02-06 17:24:53,light rain
656,Lata,40.1629,-8.3327,59.92,39,56,6.06,PT,2022-02-06 17:24:54,broken clouds
657,Gravdal,68.1214,13.5031,33.69,64,40,5.75,NO,2022-02-06 17:24:54,scattered clouds
658,Dukat,62.55,155.55,-15.03,63,0,1.34,RU,2022-02-06 17:24:50,clear sky
659,Svencioneliai,55.1667,26.0,31.19,97,100,12.08,LT,2022-02-06 17:24:54,light snow
660,Hyeres,43.1167,6.1167,56.05,37,0,14.97,FR,2022-02-06 17:24:55,clear sky
661,Mao,39.8885,4.2658,50.56,81,20,4.61,ES,2022-02-06 17:21:32,few clouds
662,Leo,11.1,-2.1,94.66,8,6,4.99,BF,2022-02-06 17:24:56,clear sky
663,Deputatskiy,69.3,139.9,-33.66,99,81,4.45,RU,2022-02-06 17:24:56,broken clouds
664,Coello,4.2891,-74.8982,75.38,60,79,3.29,CO,2022-02-06 17:24:56,broken clouds
665,Jardim,-21.4803,-56.1381,87.48,47,100,10.02,BR,2022-02-06 17:24:57,overcast clouds
666,Vanino,49.0869,140.2543,0.72,82,27,6.29,RU,2022-02-06 17:24:57,scattered clouds
667,Nanfeng,23.7434,111.7959,53.1,96,100,3.67,CN,2022-02-06 17:24:58,overcast clouds
668,Shekhupura,31.7131,73.9783,53.65,60,23,6.91,PK,2022-02-06 17:24:58,few clouds
669,Kholodnyy,62.7167,147.95,-31.27,81,26,0.65,RU,2022-02-06 17:24:58,scattered clouds
670,Cumberland,35.0502,-78.8664,43.86,39,0,9.22,US,2022-02-06 17:24:59,clear sky
671,Aguimes,27.9054,-15.4461,69.66,71,20,21.85,ES,2022-02-06 17:24:59,few clouds
672,Deogarh,21.5333,84.7333,60.58,31,15,1.57,IN,2022-02-06 17:24:59,few clouds
673,Sukhobuzimskoye,56.5,93.2728,22.64,97,100,3.49,RU,2022-02-06 17:25:00,overcast clouds
674,Sistranda,63.7256,8.834,38.89,58,100,31.54,NO,2022-02-06 17:25:00,overcast clouds
675,Smithers,54.7804,-127.1743,32.32,74,75,2.3,CA,2022-02-06 17:20:07,broken clouds
676,Atikokan,48.7555,-91.6216,11.84,86,99,6.2,CA,2022-02-06 17:22:43,overcast clouds
677,Aquiles Serdan,17.7833,-92.2833,67.01,97,100,4.74,MX,2022-02-06 17:25:01,overcast clouds
678,Chaumont,48.1167,5.1333,46.69,93,100,26.19,FR,2022-02-06 17:25:01,overcast clouds
679,Marzuq,14.4,46.4667,68.49,34,39,1.14,YE,2022-02-06 17:25:02,scattered clouds
680,Gold Coast,-28.0,153.4333,68.23,87,40,8.01,AU,2022-02-06 17:25:02,scattered clouds
681,Koudougou,12.25,-2.3667,92.66,7,0,5.97,BF,2022-02-06 17:25:02,clear sky
682,Svetlyy,54.675,20.1347,41.05,95,100,16.82,RU,2022-02-06 17:25:03,overcast clouds
683,Jalu,29.0331,21.5482,63.12,25,4,3.49,LY,2022-02-06 17:25:03,clear sky
684,Skjold,55.7971,9.9397,39.15,77,100,10.47,DK,2022-02-06 17:25:03,overcast clouds
685,Nouakchott,18.0858,-15.9785,85.93,44,0,14.09,MR,2022-02-06 17:22:09,clear sky
686,Deep River,46.1001,-77.4995,19.44,89,100,11.3,CA,2022-02-06 17:25:04,light snow
687,Mantua,45.1667,10.7833,49.82,72,57,5.66,IT,2022-02-06 17:25:04,light rain
688,Kamyshevatskaya,46.4132,37.9563,37.13,77,47,14.92,RU,2022-02-06 17:25:05,scattered clouds
689,Jatiroto,-7.8833,111.1167,75.07,95,100,2.19,ID,2022-02-06 17:26:05,overcast clouds
690,Camana,-16.6228,-72.7111,75.15,69,59,8.25,PE,2022-02-06 17:26:05,broken clouds
691,Richards Bay,-28.783,32.0377,72.55,91,21,7.0,ZA,2022-02-06 17:26:06,light rain
692,Kantunilkin,21.0917,-87.45,75.04,82,65,5.64,MX,2022-02-06 17:26:06,broken clouds
693,Palu,-0.8917,119.8707,75.87,91,100,3.15,ID,2022-02-06 17:26:06,overcast clouds
694,Kropotkin,45.4375,40.5756,33.94,82,100,18.01,RU,2022-02-06 17:26:07,overcast clouds
695,Anamur,36.0751,32.8369,53.62,71,47,5.44,TR,2022-02-06 17:26:07,scattered clouds
696,Imbituba,-28.24,-48.6703,84.09,73,31,13.02,BR,2022-02-06 17:26:07,scattered clouds
697,Longview,32.5007,-94.7405,49.32,39,0,1.99,US,2022-02-06 17:22:41,clear sky
698,Corsicana,32.0954,-96.4689,49.24,47,0,7.0,US,2022-02-06 17:25:26,clear sky
699,Rapar,23.5667,70.6333,67.46,55,0,7.81,IN,2022-02-06 17:26:08,clear sky
